Name;ID;ID-Format;DLC [Byte];Tx Method;Cycle Time;Transmitter;Comment;CI_MsgDefinition;CI_MsgId;CI_MsgName;DiagConnection;DiagRequest;DiagResponse;DiagState;DiagUUDTResponse;GenMsgCycleTime;GenMsgCycleTimeFast;GenMsgDelayTime;GenMsgILSupport;GenMsgNrOfRepetition;GenMsgRequestable;GenMsgSendType;GenMsgStartDelayTime;TpJ1939VarDlc;VFrameFormat
A1DOC1;0x18FD2000;J1939 PG (ext. ID);8;cyclic;500;MD1_ECM;- CUC.C.PCM..3..TELEM: FPT request - Diesel vehicle only;J1939DA;1604;A1DOC1 - Aftertreatment 1 Diesel Oxidation Catalyst 1;0;No;No;No;No;500;500;250;Yes;0;0;cyclic;25;No;J1939PG
A1SCRDSI1;0x18F02300;J1939 PG (ext. ID);8;cyclic;50;MD1_ECM;- Diesel vehicle only;J1939DA;1238;A1SCRDSI1 - Aftertreatment 1 SCR Dosing System Information 1;0;No;No;No;No;50;50;25;Yes;0;0;cyclic;11;No;J1939PG
A1SCREGT1;0x14FD3E00;J1939 PG (ext. ID);8;cyclic;500;MD1_ECM;- Testing purpose....;J1939DA;1611;A1SCREGT1 - Aftertreatment 1 SCR Exhaust Gas Temperature 1;0;No;No;No;No;500;500;250;Yes;0;0;cyclic;24;No;J1939PG
ACC1_27;0x18FE6F27;J1939 PG (ext. ID);8;cyclic;100;VCM;- Only if ACC option is enabled;J1939DA;3765;ACC1_27 - Adaptive Cruise Control 1;0;No;No;No;No;100;100;50;Yes;0;0;cyclic;22;No;J1939PG
ACC2_17;0x18FE5117;J1939 PG (ext. ID);8;cyclic;250;IC_Multic;- Only if ACC option is enabled....;J1939DA;3787;ACC2_17 - Adaptive Cruise Control, Operator Input;0;No;No;No;No;250;250;125;Yes;0;0;cyclic;60;No;J1939PG
ACKM_00;0x18E8FF00;J1939 PG (ext. ID);8;noMsgSendType;0;MD1_ECM;- NACK required as a response to a destination specific request that cannot be served, ACK/NACK not permitted for a global request (SAE J1939/21)....;J1939-21;11104;ACKM_00 - Acknowledgment Message;0;No;No;No;No;0;0;1;Yes;0;0;noMsgSendType;0;No;J1939PG
ACKM_03;0x18E8FF03;J1939 PG (ext. ID);8;noMsgSendType;0;ETC;- NACK required as a response to a destination specific request that cannot be served, ACK/NACK not permitted for a global request (SAE J1939/21)....;J1939-21;11146;ACKM_03 - Acknowledgment Message;0;No;No;No;No;0;0;1;Yes;0;0;noMsgSendType;0;No;J1939PG
ACKM_0B;0x18E8FF0B;J1939 PG (ext. ID);8;noMsgSendType;0;BSM_EBS;- NACK required as a response to a destination specific request that cannot be served, ACK/NACK not permitted for a global request (SAE J1939/21)....;J1939-21;11160;ACKM_0B - Acknowledgment Message;0;No;No;No;No;0;0;200;Yes;0;0;noMsgSendType;0;No;J1939PG
ACKM_17;0x18E8FF17;J1939 PG (ext. ID);8;noMsgSendType;0;IC_Multic;- NACK required as a response to a destination specific request that cannot be served, ACK/NACK not permitted for a global request (SAE J1939/21)....;J1939-21;11174;ACKM_17 - Acknowledgment Message;0;No;No;No;No;0;0;1;Yes;0;0;noMsgSendType;0;No;J1939PG
ACKM_1C;0x18E8FF1C;J1939 PG (ext. ID);8;noMsgSendType;0;PCM;- NACK required as a response to a destination specific request that cannot be served, ACK/NACK not permitted for a global request (SAE J1939/21)....;J1939-21;11188;ACKM_1C - Acknowledgment Message;0;No;No;No;No;0;0;1;Yes;0;0;noMsgSendType;0;No;J1939PG
ACKM_1D;0x18E8FF1D;J1939 PG (ext. ID);8;noMsgSendType;0;SGW;- NACK required as a response to a destination specific request that cannot be served, ACK/NACK not permitted for a global request (SAE J1939/21)....;J1939-21;11202;ACKM_1D - Acknowledgment Message;0;No;No;No;No;0;0;1;Yes;0;0;noMsgSendType;0;No;J1939PG
ACKM_27;0x18E8FF27;J1939 PG (ext. ID);8;noMsgSendType;0;VCM;- NACK required as a response to a destination specific request that cannot be served, ACK/NACK not permitted for a global request (SAE J1939/21)....;J1939-21;11216;ACKM_27 - Acknowledgment Message;0;No;No;No;No;0;0;1;Yes;0;0;noMsgSendType;0;No;J1939PG
ACKM_33;0x18E8FF33;J1939 PG (ext. ID);8;noMsgSendType;0;TPMS;- NACK required as a response to a destination specific request that cannot be served, ACK/NACK not permitted for a global request (SAE J1939/21)....;J1939-21;13488;ACKM_33 - Acknowledgment Message;0;No;No;No;No;0;0;1;Yes;0;0;noMsgSendType;0;No;J1939PG
ACKM_38;0x18E8FF38;J1939 PG (ext. ID);8;noMsgSendType;0;ETS;- Negative ACK ETS to ALL. NACK required as a response to a destination specific request that cannot be served, ACK/NACK not permitted for a global request (SAE J1939/21)....;J1939-21;11326;ACKM_38 - Acknowledgment Message;0;No;No;No;No;0;0;1;Yes;0;0;noMsgSendType;0;No;J1939PG
ACKM_7E;0x18E8FF7E;J1939 PG (ext. ID);8;noMsgSendType;0;SGW2;- NACK required as a response to a destination specific request that cannot be served, ACK/NACK not permitted for a global request (SAE J1939/21)....;J1939-21;11258;ACKM_7E - Acknowledgment Message;0;No;No;No;No;0;0;1;Yes;0;0;noMsgSendType;0;No;J1939PG
ACKM_9E;0x18E8FF9E;J1939 PG (ext. ID);8;noMsgSendType;0;ADCU;- NACK required as a response to a destination specific request that cannot be served, ACK/NACK not permitted for a global request (SAE J1939/21)....;J1939-21;17283;ACKM_9E - Acknowledgment Message;0;No;No;No;No;0;0;1;Yes;0;0;noMsgSendType;0;No;J1939PG
ACKM_A0;0x18E8FFA0;J1939 PG (ext. ID);8;noMsgSendType;0;MRGEN;- NACK required as a response to a destination specific request that cannot be served, ACK/NACK not permitted for a global request (SAE J1939/21)....;J1939-21;11272;ACKM_A0 - Acknowledgment Message;0;No;No;No;No;0;0;1;Yes;0;0;noMsgSendType;0;No;J1939PG
AEBS1_A0;0xCF02FA0;J1939 PG (ext. ID);8;cyclic;50;MRGEN;- For vehicle with AEBS only (CW Bus only)...;J1939DA;363;AEBS1_A0 - Advanced Emergency Braking System 1;0;No;No;No;No;50;50;10;Yes;0;0;cyclic;2;No;J1939PG
AEBS2_17_A0;0xC0BA017;J1939 PG (ext. ID);8;cyclic;250;IC_Multic;- CW Bus only...;J1939 p2p;372;AEBS2_17_A0 - Advanced Emergency Braking System 2;0;No;No;No;No;250;250;125;Yes;0;0;cyclic;59;No;J1939PG
AIR1_21;0x18FEAE21;J1939 PG (ext. ID);8;cyclic;1000;BCM_NBM;- MC.W.VCM....VDB: Transmission rate: 1000/On change;J1939DA;2597;AIR1_21 - Air Supply Pressure;0;No;No;No;No;1000;1000;500;Yes;0;0;cyclic;120;No;J1939PG
AITOV;0x18FB865E;J1939 PG (ext. ID);8;cyclic;200;AI_CAID;;CENELEC EN 50436-4;2611;AITOV - Alcohol Interlock To Vehicle;0;No;No;No;No;200;200;100;Yes;0;0;cyclic;0;No;J1939PG
AMB_00;0x18FEF500;J1939 PG (ext. ID);8;cyclic;1000;MD1_ECM;- Ambient air temperature signal set not available (0xFFFF) in some AMB_00 VDB version hence EDB version is preferred.;J1939DA;2024;AMB_00 - Ambient Conditions;0;No;No;No;No;1000;1000;500;Yes;0;0;cyclic;44;No;J1939PG
AMB_17;0x18FEF517;J1939 PG (ext. ID);8;cyclic;1000;IC_Multic;- GX: Multic2 is Sender ECU....;J1939DA;2030;AMB_17 - Ambient Conditions;0;No;No;No;No;1000;1000;500;Yes;0;0;cyclic;133;No;J1939PG
API1_O1_STATUS;0x18F0D75A;J1939 PG (ext. ID);8;cyclic;100;DICO;- Elec Siemens message available only.;J1939DA;2058;API1_O1_STATUS - Accessory Power Inverter 1 STATUS - Output 1;0;No;No;No;No;100;100;50;Yes;0;0;cyclic;8;No;J1939PG
API1_O2_STATUS;0x18F0DB5A;J1939 PG (ext. ID);8;cyclic;100;DICO;- 'DC/AC Accessory Inverter 2 Feedback'' / ''DCAC_AI2_FDBK'' in NormeJ1939DA...;J1939DA;2074;API1_O2_STATUS - Accessory Power Inverter 1 STATUS - Output 2;0;No;No;No;No;100;100;50;Yes;0;0;cyclic;10;No;J1939PG
API1_O3_STATUS;0x18F0DF5A;J1939 PG (ext. ID);8;cyclic;100;DICO;- Elec Siemens 18m with HeatPunp available only. Gx BEV only.;J1939DA;14810;API1_O3_STATUS - Accessory Power Inverter 1 STATUS - Output 3;0;No;No;No;No;100;100;50;Yes;0;0;cyclic;12;No;J1939PG
AS_17;0x18FED517;J1939 PG (ext. ID);8;cyclic;1000;IC_Multic;- On CAN FMS: Predisposal (confirmation by responsible), even concerning FE applications....;J1939DA;2199;AS_17 - Alternator Information;0;No;No;No;No;1000;1000;100;Yes;0;0;cyclic;85;No;J1939PG
ASC1_A;0xCFE5A2F;J1939 PG (ext. ID);8;cyclic;100;ELC;;J1939DA;3012;ASC1_A - Air Suspension Control 1;0;No;No;No;No;100;100;50;Yes;0;0;cyclic;0;No;J1939PG
ASC1_B;0xCFE5A40;J1939 PG (ext. ID);8;cyclic;100;ELC_R;- From Articulated bus Dolly;J1939DA;3038;ASC1_B - Air Suspension Control 1;0;No;No;No;No;100;100;50;Yes;0;0;cyclic;0;No;J1939PG
ASC3_A;0x18FE592F;J1939 PG (ext. ID);8;cyclic;100;ELC;- The message contains relative levels (in millimeters) to the nominal ride height (Normal level).;J1939DA;3079;ASC3_A - Air Suspension Control 3;0;No;No;No;No;100;100;50;Yes;0;0;cyclic;4;No;J1939PG
ASC3_B;0x18FE5940;J1939 PG (ext. ID);8;cyclic;100;ELC_R;- From Articulated bus Dolly;J1939DA;3084;ASC3_B - Air Suspension Control 3;0;No;No;No;No;100;100;50;Yes;0;0;cyclic;4;No;J1939PG
ASC4_A;0x18FE582F;J1939 PG (ext. ID);8;cyclic;100;ELC;- The message contains actual air bellow pressures in kilopascals (KPa) based on the pressure sensor  installed in the bellows....;J1939DA;3089;ASC4_A - Air Suspension Control 4;0;No;No;No;No;100;100;50;Yes;0;0;cyclic;2;No;J1939PG
ASC4_B;0x18FE5840;J1939 PG (ext. ID);8;cyclic;100;ELC_R;- Specific RATP. PCM3: DSE Fonctionnement;J1939DA;3094;ASC4_B - Air Suspension Control 4;0;No;No;No;No;100;100;50;Yes;0;0;cyclic;2;No;J1939PG
AT1IG2;0x18FDB400;J1939 PG (ext. ID);8;cyclic;500;MD1_ECM;- FPT request - Only for Diesel vehicles;J1939DA;1226;AT1IG2 - Aftertreatment 1 Intake Gas 2;0;No;No;No;No;500;500;250;Yes;0;0;cyclic;26;No;J1939PG
AT1T1I1;0x18FE5600;J1939 PG (ext. ID);8;cyclic;1000;MD1_ECM;- Diesel vehicle only;J1939DA;1245;AT1T1I1 - Aftertreatment 1 Diesel Exhaust Fluid Tank 1 Information 1;0;No;No;No;No;1000;1000;500;Yes;0;0;cyclic;46;No;J1939PG
Aux1DC;0x18FF02F7;J1939 PG (ext. ID);8;cyclic;100;NODE_F7;- Specific to Siemens Full Elec vehicles. DC DC 24V (main). Only Elfa2.;Iveco Proprietary;1255;Aux1DC - Aux1DCDCFeedback;0;No;No;No;No;100;100;50;Yes;0;0;cyclic;16;No;J1939PG
Aux1Mot;0x18FF01F7;J1939 PG (ext. ID);8;cyclic;100;NODE_F7;- Specific to Siemens Full Elec vehicles. Air compressor. Only Elfa2.;Iveco Proprietary;1261;Aux1Mot - Aux1MotorFeedback;0;No;No;No;No;100;100;50;Yes;0;0;cyclic;14;No;J1939PG
Aux1St;0x18FF00F7;J1939 PG (ext. ID);8;cyclic;100;NODE_F7;- Specific to Siemens Full Elec vehicles. Air compressor. Only Elfa2.;Iveco Proprietary;1266;Aux1St - Aux1Status;0;No;No;No;No;100;100;50;Yes;0;0;cyclic;12;No;J1939PG
Aux2DC;0x18FF02F6;J1939 PG (ext. ID);8;cyclic;100;BMS3;- Specific to Siemens Full Elec vehicles. DC DC 24V (secondary). Only Elfa2.;Iveco Proprietary;1269;Aux2DC - Aux2DCDCFeedback;0;No;No;No;No;100;100;50;Yes;0;0;cyclic;15;No;J1939PG
Aux2Mot;0x18FF01F6;J1939 PG (ext. ID);8;cyclic;100;BMS3;- Specific to Siemens Full Elec vehicles. Air compressor. Only Elfa2.;Iveco Proprietary;1275;Aux2Mot - Aux2MotorFeedback;0;No;No;No;No;100;100;50;Yes;0;0;cyclic;13;No;J1939PG
Aux2St;0x18FF00F6;J1939 PG (ext. ID);8;cyclic;100;BMS3;- Specific to Siemens Full Elec vehicles. Air compressor. Only Elfa2.;Iveco Proprietary;1280;Aux2St - Aux2Status;0;No;No;No;No;100;100;50;Yes;0;0;cyclic;11;No;J1939PG
AUXIO1_21;0x18FED921;J1939 PG (ext. ID);8;cyclic;100;BCM_NBM;;J1939DA;2948;AUXIO1_21 - Auxiliary Input/Output Status 1;0;No;No;No;No;100;100;100;Yes;0;0;cyclic;66;No;J1939PG
Av2_1_1C;0x18FF2A1C;J1939 PG (ext. ID);8;noMsgSendType;0;PCM;- 30.03.2023: Predisposition PCM3 Protocole ADASIS non J1939...;Iveco Proprietary;3594;Av2_1_1C - ADASIS v2 (non-multiplexed) - POSITION Type ;0;No;No;No;No;0;0;500;Yes;0;0;noMsgSendType;160;No;J1939PG
Av2_2_1C;0x18FF2B1C;J1939 PG (ext. ID);8;noMsgSendType;0;PCM;- 30.03.2023: Predisposition PCM3 Protocole ADASIS non J1939;Iveco Proprietary;3606;Av2_2_1C - ADASIS v2 (non-multiplexed) - SEGMENT Type ;0;No;No;No;No;0;0;100;Yes;0;0;noMsgSendType;0;No;J1939PG
Av2_3_1C;0x18FF2C1C;J1939 PG (ext. ID);8;noMsgSendType;0;PCM;- 30.03.2023: Predisposition PCM3 Protocole ADASIS non J1939;Iveco Proprietary;3626;Av2_3_1C - ADASIS v2 (non-multiplexed) - STUB Type ;0;No;No;No;No;0;0;100;Yes;0;0;noMsgSendType;0;No;J1939PG
Av2_4_1C;0x18FF2D1C;J1939 PG (ext. ID);8;noMsgSendType;0;PCM;- 30.03.2023: Predisposition PCM3 Protocole ADASIS non J1939;Iveco Proprietary;3644;Av2_4_1C - ADASIS v2 (non-multiplexed) - PROFILE SHORT Type ;0;No;No;No;No;0;0;100;Yes;0;0;noMsgSendType;0;No;J1939PG
Av2_5_1C;0x18FF2E1C;J1939 PG (ext. ID);8;noMsgSendType;0;PCM;- 30.03.2023: Predisposition PCM3 Protocole ADASIS non J1939;Iveco Proprietary;3677;Av2_5_1C - ADASIS v2 (non-multiplexed) - PROFILE LONG Type ;0;No;No;No;No;0;0;100;Yes;0;0;noMsgSendType;0;No;J1939PG
Av2_6_1C;0x18FF2F1C;J1939 PG (ext. ID);8;noMsgSendType;0;PCM;- s.Ib..24.work.TELEM: 'AsNeeded'' reuqested for Telem (PCM3);Iveco Proprietary;21254;Av2_6_1C - ADASIS v2 (non-multiplexed) - META-DATA Type ;0;No;No;No;No;0;0;1;Yes;0;0;noMsgSendType;0;No;J1939PG
BC2HTCU;0x18FF0821;J1939 PG (ext. ID);8;cyclic;100;BCM_NBM;- ETC1.Vo.ETC.DiwaNXT..MH.VDB: Msg Predisposal. Only for Mild Hybrid case with AGB Diwa NextGen....;Bosch Proprietary;4375;BC2HTCU - BC to HTCU (Mild Hybrid);0;No;No;No;No;100;100;50;Yes;0;0;cyclic;75;No;J1939PG
BC_DR;0x18EF1021;J1939 PG (ext. ID);8;cyclic;100;BCM_NBM;- Exception - Should be J1939 p2p. Related to Voith Mild Hybrid project...;Iveco SPR2 Proprietary;2932;BC_DR - Body Computer to Drivelie retarder;0;No;No;No;No;100;100;50;Yes;0;0;cyclic;46;No;J1939PG
BCH1;0x18FD155A;J1939 PG (ext. ID);8;cyclic;100;DICO;- Specific to Siemens Full Elec vehicles.;J1939DA;323;BCH1 - Battery Charger 1;0;No;No;No;No;100;100;50;Yes;0;0;cyclic;9;No;J1939PG
BMS_01;0x18FFE0F3;J1939 PG (ext. ID);8;cyclic;5000;MBMS;- Specific to Siemens Full Elec vehicles;Iveco Proprietary;10715;BMS_01 - Proprietary Iveco -  BMS0i Infos Frame;0;No;No;No;No;5000;5000;2500;Yes;0;0;cyclic;56;No;J1939PG
BMS_02;0x18FFE1F3;J1939 PG (ext. ID);8;cyclic;5000;MBMS;- Specific to Siemens Full Elec vehicles;Iveco Proprietary;10728;BMS_02 - Proprietary Iveco -  BMS0i Infos Frame;0;No;No;No;No;5000;5000;2500;Yes;0;0;cyclic;62;No;J1939PG
BMS_03;0x18FFE2F3;J1939 PG (ext. ID);8;cyclic;5000;MBMS;- Specific to Siemens Full Elec vehicles;Iveco Proprietary;10741;BMS_03 - Proprietary Iveco -  BMS0i Infos Frame;0;No;No;No;No;5000;5000;2500;Yes;0;0;cyclic;68;No;J1939PG
BMS_04;0x18FFE3F3;J1939 PG (ext. ID);8;cyclic;5000;MBMS;- Specific to Siemens Full Elec vehicles;Iveco Proprietary;10754;BMS_04 - Proprietary Iveco -  BMS0i Infos Frame;0;No;No;No;No;5000;5000;2500;Yes;0;0;cyclic;74;No;J1939PG
BMS_05;0x18FFE4F3;J1939 PG (ext. ID);8;cyclic;5000;MBMS;- Specific to Siemens Full Elec vehicles;Iveco Proprietary;10767;BMS_05 - Proprietary Iveco -  BMS0i Infos Frame;0;No;No;No;No;5000;5000;2500;Yes;0;0;cyclic;80;No;J1939PG
BMS_06;0x18FFE5F3;J1939 PG (ext. ID);8;cyclic;5000;MBMS;- Specific to Siemens Full Elec vehicles;Iveco Proprietary;10780;BMS_06 - Proprietary Iveco -  BMS0i Infos Frame;0;No;No;No;No;5000;5000;2500;Yes;0;0;cyclic;86;No;J1939PG
BMS_07;0x18FFE6F3;J1939 PG (ext. ID);8;cyclic;5000;MBMS;- Specific to Siemens Full Elec vehicles;Iveco Proprietary;10793;BMS_07 - Proprietary Iveco -  BMS0i Infos Frame;0;No;No;No;No;5000;5000;2500;Yes;0;0;cyclic;92;No;J1939PG
BMS_08;0x18FFE7F3;J1939 PG (ext. ID);8;cyclic;5000;MBMS;- Specific to Siemens Full Elec vehicles;Iveco Proprietary;10806;BMS_08 - Proprietary Iveco -  BMS0i Infos Frame;0;No;No;No;No;5000;5000;2500;Yes;0;0;cyclic;98;No;J1939PG
BMS_09;0x18FFE8F3;J1939 PG (ext. ID);8;cyclic;5000;MBMS;- Specific to Siemens Full Elec vehicles;Iveco Proprietary;10819;BMS_09 - Proprietary Iveco -  BMS0i Infos Frame;0;No;No;No;No;5000;5000;2500;Yes;0;0;cyclic;104;No;J1939PG
BMS_10;0x18FFE9F3;J1939 PG (ext. ID);8;cyclic;5000;MBMS;- Specific to Siemens Full Elec vehicles, Forsee only.;Iveco Proprietary;10832;BMS_10 - Proprietary Iveco -  BMS0i Infos Frame;0;No;No;No;No;5000;5000;2500;Yes;0;0;cyclic;106;No;J1939PG
BMS_11;0x18FFEAF3;J1939 PG (ext. ID);8;cyclic;5000;MBMS;- Specific to Siemens Full Elec vehicles, Forsee only.;Iveco Proprietary;10845;BMS_11 - Proprietary Iveco -  BMS0i Infos Frame;0;No;No;No;No;5000;5000;2500;Yes;0;0;cyclic;108;No;J1939PG
CAID2_TO_V1;0x18FF895E;J1939 PG (ext. ID);1;cyclic;500;AI_CAID;;Iveco Proprietary;2818;CAID2_TO_V1 - Connected Alcohol Interlock Device2 To Vehicle 1;0;No;No;No;No;500;500;250;Yes;0;0;cyclic;2;No;J1939PG
CAID2_TO_V3;0x18FF8B5E;J1939 PG (ext. ID);8;cyclic;1000;AI_CAID;;Iveco Proprietary;2833;CAID2_TO_V3 - CAID2_TO_V3;0;No;No;No;No;1000;1000;500;Yes;0;0;cyclic;8;No;J1939PG
CCSS_00;0x18FEED00;J1939 PG (ext. ID);8;cyclic;250;MD1_ECM;- Not sent by MD1 for CNG;J1939DA;2164;CCSS_00 - Cruise Control/Vehicle Speed Setup;0;No;No;No;No;250;250;125;Yes;0;0;cyclic;34;No;J1939PG
CCSS_1C;0x18FEED1C;J1939 PG (ext. ID);8;cyclic;1000;PCM;;J1939DA;2170;CCSS_1C - Cruise Control/Vehicle Speed Setup;0;No;No;No;No;1000;1000;100;Yes;0;0;cyclic;156;No;J1939PG
CCVS1;0x18FEF100;J1939 PG (ext. ID);8;cyclic;100;MD1_ECM;- ECU Sender (Tx) on VCM4 if Thermal. VCU or VMU on Siemens elec veh....;J1939DA;2080;CCVS1 - Cruise Control/Vehicle Speed 1;0;No;No;No;No;100;100;50;Yes;0;0;cyclic;20;No;J1939PG
ChargerFaults;0x18FFA349;J1939 PG (ext. ID);8;cyclic;5000;FCCU;- Specific to Siemens Full Elec vehicles. Tx by FCCU, or by VCU in case VC-VCCU. 3 bytes if sent by the FCCU, 8 bytes if sent by the supervisor in case VC-VCCU.;Iveco Proprietary;1397;ChargerFaults - Proprietary B - ECCU Faults;0;No;No;No;No;5000;5000;2500;Yes;0;0;cyclic;56;No;J1939PG
CI_1D;0x18FEEB1D;J1939 PG (ext. ID);609;noMsgSendType;0;SGW;- Delimiter (“*”) required after each parameter, even if not used...;J1939DA;10382;CI_1D - Component Identification;0;No;No;No;No;0;0;1;Yes;0;0;noMsgSendType;0;Yes;J1939PG
CI_5E;0x18FEEB5E;J1939 PG (ext. ID);609;noMsgSendType;0;AI_CAID;- Delimiter (“*”) required after each parameter, even if not used...;J1939DA;10397;CI_5E - Component Identification;0;No;No;No;No;0;0;1;Yes;0;0;noMsgSendType;0;Yes;J1939PG
CLIM_LTO_STATUS;0x18FF40F3;J1939 PG (ext. ID);8;cyclic;5000;MBMS;- Clim_LTO_Sts (Status of the Clim System of the LTO Batteries) / CLIM_BATT_MANGEMENT....;Iveco Bus Proprietary;3881;CLIM_LTO_STATUS - Status of the Clim System of the LTO Batteries;0;No;No;No;No;5000;5000;2500;Yes;0;0;cyclic;38;No;J1939PG
CVW_0B;0x18FE700B;J1939 PG (ext. ID);8;cyclic;1000;BSM_EBS;- Message activated only for vehicles with AG ZF Ecolife 2. Message ICE only....;J1939DA;389;CVW_0B - Combination Vehicle Weight;0;No;No;No;No;1000;1000;500;Yes;0;0;cyclic;46;No;J1939PG
DC1_17;0x18FE4E17;J1939 PG (ext. ID);8;cyclic;100;IC_Multic;- OVG.Mtx.FMS.4.24.Generic.FMSi: FMS Optional. Update: filled in blue (differed in according with CW/UW VDB CAN files).;J1939DA;3267;DC1_17 - Door Control 1;0;No;No;No;No;100;100;50;Yes;0;0;cyclic;42;No;J1939PG
DC2_17;0x18FDA517;J1939 PG (ext. ID);8;cyclic;100;IC_Multic;- OVG.Mtx.FMS.4.24.Generic.FMSi: FMS Optional. Update: filled in blue (differed in according with CW/UW VDB CAN files).;J1939DA;3271;DC2_17 - Door Control 2;0;No;No;No;No;100;100;50;Yes;0;0;cyclic;30;No;J1939PG
DCPD;0x18FF04EE;J1939 PG (ext. ID);8;noMsgSendType;0;DTCO;- Update filled in acc with DTCO4.1 (New file). To be confirmed.;Continental Proprietary;2581;DCPD - DriversConsentOnPersonalData (Continental Proprietary);0;No;No;No;No;0;0;1;Yes;0;0;noMsgSendType;0;No;J1939PG
DD1_21;0x18FEFC21;J1939 PG (ext. ID);8;cyclic;1000;BCM_NBM;- MC.W.VCM.4.24..VDB: direct routing to DD1_27;J1939DA;2997;DD1_21 - Dash Display 1;0;No;No;No;No;1000;1000;100;Yes;0;0;cyclic;140;No;J1939PG
DI_EE;0x18FE6BEE;J1939 PG (ext. ID);40;noMsgSendType;0;DTCO;- * Only if the vehicle is equiped with a tachograph....;J1939DA;729;DI_EE - Driver's Identification;0;No;No;No;No;0;0;1;Yes;0;0;noMsgSendType;0;Yes;J1939PG
DM01_00;0x18FECA00;J1939 PG (ext. ID);82;cyclic;1000;MD1_ECM;- If Gaz: Message Length: Up to 42...;J1939-73;4456;DM01_00 - Active Diagnostic Trouble Codes;0;No;No;No;No;1000;1000;100;Yes;0;0;cyclic;49;Yes;J1939PG
DM01_03;0x18FECA03;J1939 PG (ext. ID);42;cyclic;1000;ETC;- Multipacket message handled by SAE Transport Protocol (J1939/21, par 5.10, Multipacket Broadcast with TP.CM/BAM, TP.DT)...;J1939-73;4565;DM01_03 - Active Diagnostic Trouble Codes;0;No;No;No;No;1000;1000;100;Yes;0;0;cyclic;27;Yes;J1939PG
DM01_0B;0x18FECA0B;J1939 PG (ext. ID);42;cyclic;1000;BSM_EBS;- Multipacket message handled by SAE Transport Protocol (J1939/21, par 5.10, Multipacket Broadcast with TP.CM/BAM, TP.DT)...;J1939-73;4624;DM01_0B - Active Diagnostic Trouble Codes;0;No;No;No;No;1000;1000;100;Yes;0;0;cyclic;51;Yes;J1939PG
DM01_10;0x18FECA10;J1939 PG (ext. ID);42;cyclic;1000;RM_IRCS;;J1939-73;4679;DM01_10 - Active Diagnostic Trouble Codes;0;No;No;No;No;1000;1000;100;Yes;0;0;cyclic;6;Yes;J1939PG
DM01_17;0x18FECA17;J1939 PG (ext. ID);82;cyclic;1000;IC_Multic;- Multipacket message handled by SAE Transport Protocol (J1939/21, par 5.10, Multipacket Broadcast with TP.CM/BAM, TP.DT)...;J1939-73;4738;DM01_17 - Active Diagnostic Trouble Codes;0;No;No;No;No;1000;1000;100;Yes;0;0;cyclic;84;Yes;J1939PG
DM01_1C;0x18FECA1C;J1939 PG (ext. ID);42;cyclic;1000;PCM;- Multipacket message handled by SAE Transport Protocol (J1939/21, par 5.10, Multipacket Broadcast with TP.CM/BAM, TP.DT)...;J1939-73;5008;DM01_1C - Active Diagnostic Trouble Codes;0;No;No;No;No;1000;1000;100;Yes;0;0;cyclic;152;Yes;J1939PG
DM01_1D;0x18FECA1D;J1939 PG (ext. ID);42;cyclic;1000;SGW;- Multipacket message handled by SAE Transport Protocol (J1939/21, par 5.10, Multipacket Broadcast with TP.CM/BAM, TP.DT)...;J1939-73;5063;DM01_1D - Active Diagnostic Trouble Codes;0;No;No;No;No;1000;1000;100;Yes;0;0;cyclic;24;Yes;J1939PG
DM01_21;0x18FECA21;J1939 PG (ext. ID);42;cyclic;1000;BCM_NBM;- Multipacket message handled by SAE Transport Protocol (J1939/21, par 5.10, Multipacket Broadcast with TP.CM/BAM, TP.DT)...;J1939-73;5118;DM01_21 - Active Diagnostic Trouble Codes;0;No;No;No;No;1000;1000;100;Yes;0;0;cyclic;132;Yes;J1939PG
DM01_27;0x18FECA27;J1939 PG (ext. ID);42;cyclic;1000;VCM;- DM1_BMS. Multipacket message handled by SAE Transport Protocol (J1939/21, par 5.10, Multipacket Broadcast with TP.CM/BAM, TP.DT)...;J1939-73;5173;DM01_27 - Active Diagnostic Trouble Codes;0;No;No;No;No;1000;1000;100;Yes;0;0;cyclic;6;Yes;J1939PG
DM01_2E;0x18FECA2E;J1939 PG (ext. ID);42;cyclic;1000;TUROLLA;- Full elec only....;J1939-73;5283;DM01_2E - Active Diagnostic Trouble Codes;0;No;No;No;No;1000;1000;100;Yes;0;0;cyclic;0;Yes;J1939PG
DM01_2F;0x18FECA2F;J1939 PG (ext. ID);42;cyclic;1000;ELC;- Multipacket message handled by SAE Transport Protocol (J1939/21, par 5.10, Multipacket Broadcast with TP.CM/BAM, TP.DT)...;J1939-73;5338;DM01_2F - Active Diagnostic Trouble Codes;0;No;No;No;No;1000;1000;100;Yes;0;0;cyclic;8;Yes;J1939PG
DM01_33;0x18FECA33;J1939 PG (ext. ID);42;cyclic;1000;TPMS;- Multipacket message handled by SAE Transport Protocol (J1939/21, par 5.10, Multipacket Broadcast with TP.CM/BAM, TP.DT)...;J1939-73;5448;DM01_33 - Active Diagnostic Trouble Codes;0;No;No;No;No;1000;1000;100;Yes;0;0;cyclic;2;Yes;J1939PG
DM01_38;0x18FECA38;J1939 PG (ext. ID);42;cyclic;1000;ETS;- CW Diesel only....;J1939-73;5503;DM01_38 - Active Diagnostic Trouble Codes;0;No;No;No;No;1000;1000;100;Yes;0;0;cyclic;0;Yes;J1939PG
DM01_40;0x18FECA40;J1939 PG (ext. ID);42;cyclic;1000;ELC_R;- Multipacket message handled by SAE Transport Protocol (J1939/21, par 5.10, Multipacket Broadcast with TP.CM/BAM, TP.DT)...;J1939-73;5793;DM01_40 - Active Diagnostic Trouble Codes;0;No;No;No;No;1000;1000;100;Yes;0;0;cyclic;8;Yes;J1939PG
DM01_49;0x18FECA49;J1939 PG (ext. ID);42;cyclic;1000;FCCU;- Full elec only....;J1939-73;4953;DM01_49 - Active Diagnostic Trouble Codes;0;No;No;No;No;1000;1000;100;Yes;0;0;cyclic;0;Yes;J1939PG
DM01_4A;0x18FECA4A;J1939 PG (ext. ID);42;cyclic;1000;PCM;;J1939-73;5558;DM01_4A - Active Diagnostic Trouble Codes;0;No;No;No;No;1000;1000;100;Yes;0;0;cyclic;154;Yes;J1939PG
DM01_5A;0x18FECA5A;J1939 PG (ext. ID);42;cyclic;1000;DICO;- Reading of the DM1 of the DICO, and copying on the VCB (for display of traction chain fault and fleet management system or predictive maintenance)....;J1939-73;5738;DM01_5A - Active Diagnostic Trouble Codes;0;No;No;No;No;1000;1000;100;Yes;0;0;cyclic;12;Yes;J1939PG
DM01_5E;0x18FECA5E;J1939 PG (ext. ID);42;cyclic;1000;AI_CAID;;J1939-73;14754;DM01_5E - Active Diagnostic Trouble Codes;0;No;No;No;No;1000;1000;100;Yes;0;0;cyclic;6;Yes;J1939PG
DM01_7E;0x18FECA7E;J1939 PG (ext. ID);42;cyclic;1000;SGW2;- Multipacket message handled by SAE Transport Protocol (J1939/21, par 5.10, Multipacket Broadcast with TP.CM/BAM, TP.DT)...;J1939-73;5903;DM01_7E - Active Diagnostic Trouble Codes;0;No;No;No;No;1000;1000;100;Yes;0;0;cyclic;2;Yes;J1939PG
DM01_90;0x18FECA90;J1939 PG (ext. ID);42;cyclic;1000;SRR_Front_Left;- SA=0x90. ECU Sender is SRR Left Master (CAN RADAR);J1939-73;6068;DM01_90 - Active Diagnostic Trouble Codes;0;No;No;No;No;1000;1000;100;Yes;0;0;cyclic;0;Yes;J1939PG
DM01_91;0x18FECA91;J1939 PG (ext. ID);42;cyclic;1000;SRR_Rear_Right;- SA=0x91. ECU Sender is SRR Right Slave (CAN RADAR);J1939-73;6123;DM01_91 - Active Diagnostic Trouble Codes;0;No;No;No;No;1000;1000;100;Yes;0;0;cyclic;0;Yes;J1939PG
DM01_92;0x18FECA92;J1939 PG (ext. ID);42;cyclic;1000;SRR_Front_Right;- SA=0x92. ECU Sender is SRR Right Master (CAN RADAR);J1939-73;6178;DM01_92 - Active Diagnostic Trouble Codes;0;No;No;No;No;1000;1000;100;Yes;0;0;cyclic;0;Yes;J1939PG
DM01_9C;0x18FECA9C;J1939 PG (ext. ID);42;cyclic;1000;SRR_Front;- SA=0x9C. ECU Sender is SRR Front Master (CAN RADAR);J1939-73;6233;DM01_9C - Active Diagnostic Trouble Codes;0;No;No;No;No;1000;1000;100;Yes;0;0;cyclic;0;Yes;J1939PG
DM01_9E;0x18FECA9E;J1939 PG (ext. ID);42;cyclic;1000;ADCU;;J1939-73;5958;DM01_9E - Active Diagnostic Trouble Codes;0;No;No;No;No;1000;1000;100;Yes;0;0;cyclic;16;Yes;J1939PG
DM01_A0;0x18FECAA0;J1939 PG (ext. ID);42;cyclic;1000;MRGEN;- Multipacket message handled by SAE Transport Protocol (J1939/21, par 5.10, Multipacket Broadcast with TP.CM/BAM, TP.DT)...;J1939-73;6288;DM01_A0 - Active Diagnostic Trouble Codes;0;No;No;No;No;1000;1000;100;Yes;0;0;cyclic;0;Yes;J1939PG
DM01_E8;0x18FECAE8;J1939 PG (ext. ID);42;cyclic;1000;SRR_Rear_Left;- SA=0xE8. ECU Sender is SRR Left Slave (CAN RADAR);J1939-73;6013;DM01_E8 - Active Diagnostic Trouble Codes;0;No;No;No;No;1000;1000;100;Yes;0;0;cyclic;0;Yes;J1939PG
DM01_EE;0x18FECAEE;J1939 PG (ext. ID);42;cyclic;1000;DTCO;;J1939-73;6353;DM01_EE - Active Diagnostic Trouble Codes;0;No;No;No;No;1000;1000;100;Yes;0;0;cyclic;22;Yes;J1939PG
DM01_F0;0x18FECAF0;J1939 PG (ext. ID);42;cyclic;1000;ELFA3_S;- 18m Gx BEV only...;J1939-73;20562;DM01_F0 - Active Diagnostic Trouble Codes;0;No;No;No;No;1000;1000;100;Yes;0;0;cyclic;0;Yes;J1939PG
DM01_F3;0x18FECAF3;J1939 PG (ext. ID);42;cyclic;1000;MBMS;- Multipacket message...;J1939-73;6408;DM01_F3 - Active Diagnostic Trouble Codes;0;No;No;No;No;1000;1000;100;Yes;0;0;cyclic;14;Yes;J1939PG
DM02_1C;0x18FECB1C;J1939 PG (ext. ID);42;noMsgSendType;0;PCM;- DM02 eHorizon: eHorizon integrated in PCM3 ECU....;J1939-73;6797;DM02_1C - Previously Active Diagnostic Trouble Codes;0;No;No;No;No;0;0;1;Yes;0;0;noMsgSendType;0;Yes;J1939PG
DM02_1D;0x18FECB1D;J1939 PG (ext. ID);42;noMsgSendType;0;SGW;- Multipacket message handled by SAE Transport Protocol (J1939/21, par 5.10, Multipacket Broadcast with TP.CM/BAM, TP.DT)...;J1939-73;6966;DM02_1D - Previously Active Diagnostic Trouble Codes;0;No;No;No;No;0;0;1;Yes;0;0;noMsgSendType;0;Yes;J1939PG
DM02_9E;0x18FECB9E;J1939 PG (ext. ID);42;noMsgSendType;0;ADCU;- Multipacket message handled by SAE Transport Protocol (J1939/21, par 5.10, Multipacket Broadcast with TP.CM/BAM, TP.DT)...;J1939-73;7241;DM02_9E - Previously Active Diagnostic Trouble Codes;0;No;No;No;No;0;0;1;Yes;0;0;noMsgSendType;0;Yes;J1939PG
DM04_1D;0x18FECD1D;J1939 PG (ext. ID);250;noMsgSendType;0;SGW;- Freeze Parameters taken at last fault occurrence...;Iveco Proprietary;8594;DM04_1D - Freeze Frame Parameters;0;No;No;No;No;0;0;1;Yes;0;0;noMsgSendType;0;Yes;J1939PG
DM04_9E;0x18FECD9E;J1939 PG (ext. ID);250;noMsgSendType;0;ADCU;- Freeze Parameters taken at last fault occurrence...;Iveco Proprietary;9197;DM04_9E - Freeze Frame Parameters;0;No;No;No;No;0;0;1;Yes;0;0;noMsgSendType;0;Yes;J1939PG
DM1_19_P7;0x1CFECA19;J1939 PG (ext. ID);42;cyclic;1000;THERMOKING_M;- Multipacket message handled by SAE Transport Protocol (J1939/21, par 5.10, Multipacket Broadcast with TP.CM/BAM, TP.DT)...;J1939-73;14916;DM1_19_P7 - Active Diagnostic Trouble Codes;0;No;No;No;No;1000;1000;100;Yes;0;0;cyclic;2;Yes;J1939PG
DM1_3A_P7;0x1CFECA3A;J1939 PG (ext. ID);42;cyclic;1000;TMU_HP_Rr;- Multipacket message handled by SAE Transport Protocol (J1939/21, par 5.10, Multipacket Broadcast with TP.CM/BAM, TP.DT)...;J1939-73;20735;DM1_3A_P7 - Active Diagnostic Trouble Codes;0;No;No;No;No;1000;1000;100;Yes;0;0;cyclic;0;Yes;J1939PG
DM1_80_P7;0x1CFECA80;J1939 PG (ext. ID);42;cyclic;1000;VCU;- Multipacket message handled by SAE Transport Protocol (J1939/21, par 5.10, Multipacket Broadcast with TP.CM/BAM, TP.DT)...;J1939-73;5668;DM1_80_P7 - Active Diagnostic Trouble Codes;0;No;No;No;No;1000;1000;100;Yes;0;0;cyclic;53;Yes;J1939PG
DoorsStat;0x18FF2045;J1939 PG (ext. ID);8;cyclic;1000;NODE_45;- DoorsInfo=DoorsStat...;Iveco Proprietary;3364;DoorStat - Doors status for PCM;0;No;No;No;No;1000;1000;500;Yes;0;0;cyclic;163;No;J1939PG
DPFC1;0x18FD7C00;J1939 PG (ext. ID);8;cyclic;1000;MD1_ECM;- Engine Diesel only.;J1939DA;1215;DPFC1 - Diesel Particulate Filter Control 1;0;No;No;No;No;1000;1000;100;Yes;0;0;cyclic;45;No;J1939PG
DSE_ACC;0x18A7B14A;J1939 PG (ext. ID);8;cyclic;1000;PCM;- DSE Functionnality. Message sent for debugging on the CAN Telem;Iveco Bus Proprietary;14224;DSE_ACC - DSE Acc;0;No;No;No;No;1000;1000;500;Yes;0;0;cyclic;4;No;J1939PG
DSE_ACC_DBG;0x18A7B24A;J1939 PG (ext. ID);8;cyclic;1000;PCM;- DSE Functionnality. Message sent for debugging on the CAN Telem;Iveco Bus Proprietary;14230;DSE_ACC_DBG - DSE Acc DBG;0;No;No;No;No;1000;1000;500;Yes;0;0;cyclic;6;No;J1939PG
DSE_ACCE;0x18A7B34A;J1939 PG (ext. ID);8;cyclic;1000;PCM;- DSE Functionnality. Message sent for debugging on the CAN Telem;Iveco Bus Proprietary;14233;DSE_ACCE - DSE Acceleration;0;No;No;No;No;1000;1000;500;Yes;0;0;cyclic;8;No;J1939PG
DSE_ACCE_DBG;0x18A7B44A;J1939 PG (ext. ID);8;cyclic;1000;PCM;- DSE Functionnality. Message sent for debugging on the CAN Telem;Iveco Bus Proprietary;14239;DSE_ACCE_DBG - DSE Acceleration DBG;0;No;No;No;No;1000;1000;500;Yes;0;0;cyclic;10;No;J1939PG
DSE_AEBS;0x18A7B54A;J1939 PG (ext. ID);8;cyclic;1000;PCM;- DSE Functionnality. Message sent for debugging on the CAN Telem;Iveco Bus Proprietary;14245;DSE_AEBS - DSE Aebs;0;No;No;No;No;1000;1000;500;Yes;0;0;cyclic;12;No;J1939PG
DSE_AEBS_DBG;0x18A7B64A;J1939 PG (ext. ID);8;cyclic;1000;PCM;- DSE Functionnality. Message sent for debugging on the CAN Telem;Iveco Bus Proprietary;14251;DSE_AEBS_DBG - DSE Aebs DBG;0;No;No;No;No;1000;1000;500;Yes;0;0;cyclic;14;No;J1939PG
DSE_AirC;0x18A7B74A;J1939 PG (ext. ID);8;cyclic;1000;PCM;- DSE Functionnality. Message sent for debugging on the CAN Telem;Iveco Bus Proprietary;14254;DSE_AirC - DSE AirC;0;No;No;No;No;1000;1000;500;Yes;0;0;cyclic;16;No;J1939PG
DSE_AirC_DBG;0x18A7B84A;J1939 PG (ext. ID);8;cyclic;1000;PCM;- DSE Functionnality. Message sent for debugging on the CAN Telem;Iveco Bus Proprietary;14260;DSE_AirC_DBG - DSE AirC DBG;0;No;No;No;No;1000;1000;500;Yes;0;0;cyclic;18;No;J1939PG
DSE_ATTENTION;0x18A7F54A;J1939 PG (ext. ID);8;cyclic;1000;PCM;- DSE Functionnality. Message sent for debugging on the CAN Telem;Iveco Bus Proprietary;14262;DSE_ATTENTION - DSE Attention;0;No;No;No;No;1000;1000;500;Yes;0;0;cyclic;134;No;J1939PG
DSE_AUXBK;0x18A7B94A;J1939 PG (ext. ID);8;cyclic;1000;PCM;- DSE Functionnality. Message sent for debugging on the CAN Telem;Iveco Bus Proprietary;14268;DSE_AUXBK - DSE AuxBrake;0;No;No;No;No;1000;1000;500;Yes;0;0;cyclic;20;No;J1939PG
DSE_AUXBK_DBG;0x18A7BA4A;J1939 PG (ext. ID);8;cyclic;1000;PCM;- DSE Functionnality. Message sent for debugging on the CAN Telem;Iveco Bus Proprietary;14274;DSE_AUXBK_DBG - DSE AuxBrake DBG;0;No;No;No;No;1000;1000;500;Yes;0;0;cyclic;22;No;J1939PG
DSE_BSIS;0x18A7FC4A;J1939 PG (ext. ID);8;cyclic;1000;PCM;- DSE Functionnality. Message sent for debugging on the CAN Telem;Iveco Bus Proprietary;14282;DSE_BSIS - DSE Bsis;0;No;No;No;No;1000;1000;500;Yes;0;0;cyclic;148;No;J1939PG
DSE_CARE;0x18A7BB4A;J1939 PG (ext. ID);8;cyclic;1000;PCM;- DSE Functionnality. Message sent for debugging on the CAN Telem;Iveco Bus Proprietary;14288;DSE_CARE - DSE Care;0;No;No;No;No;1000;1000;500;Yes;0;0;cyclic;24;No;J1939PG
DSE_CMD;0x18A7BC4A;J1939 PG (ext. ID);8;cyclic;1000;PCM;- DSE Functionnality. Message sent for debugging on the CAN Telem;Iveco Bus Proprietary;14294;DSE_CMD - DSE CMD;0;No;No;No;No;1000;1000;500;Yes;0;0;cyclic;26;No;J1939PG
DSE_COMFORT;0x18A7BE4A;J1939 PG (ext. ID);8;cyclic;1000;PCM;- DSE Functionnality. Message sent for debugging on the CAN Telem;Iveco Bus Proprietary;14297;DSE_COMFORT - DSE Comfort;0;No;No;No;No;1000;1000;500;Yes;0;0;cyclic;30;No;J1939PG
DSE_CURNT;0x18A7BD4A;J1939 PG (ext. ID);8;cyclic;1000;PCM;- DSE Functionnality. Message sent for debugging on the CAN Telem;Iveco Bus Proprietary;14303;DSE_CURNT - DSE Curent;0;No;No;No;No;1000;1000;500;Yes;0;0;cyclic;28;No;J1939PG
DSE_DAS;0x18A7BF4A;J1939 PG (ext. ID);8;cyclic;1000;PCM;- DSE Functionnality. Message sent for debugging on the CAN Telem;Iveco Bus Proprietary;14306;DSE_DAS - DSE Das;0;No;No;No;No;1000;1000;500;Yes;0;0;cyclic;32;No;J1939PG
DSE_DAS_DBG;0x18A7E74A;J1939 PG (ext. ID);8;cyclic;1000;PCM;- DSE Functionnality. Message sent for debugging on the CAN Telem;Iveco Bus Proprietary;14312;DSE_DAS_DBG - DSE DAS DBG;0;No;No;No;No;1000;1000;500;Yes;0;0;cyclic;106;No;J1939PG
DSE_DEC;0x18A7C04A;J1939 PG (ext. ID);8;cyclic;1000;PCM;- DSE Functionnality. Message sent for debugging on the CAN Telem;Iveco Bus Proprietary;14315;DSE_DEC - DSE Deceleration;0;No;No;No;No;1000;1000;500;Yes;0;0;cyclic;34;No;J1939PG
DSE_DRIVERAWARE;0x18A7F44A;J1939 PG (ext. ID);8;cyclic;1000;PCM;- DSE Functionnality. Message sent for debugging on the CAN Telem;Iveco Bus Proprietary;14321;DSE_DRIVERAWARE - DSE Driver Awareness;0;No;No;No;No;1000;1000;500;Yes;0;0;cyclic;132;No;J1939PG
DSE_ECO;0x18A7C14A;J1939 PG (ext. ID);8;cyclic;1000;PCM;- DSE Functionnality. Message sent for debugging on the CAN Telem;Iveco Bus Proprietary;14327;DSE_ECO - DSE EcoMode;0;No;No;No;No;1000;1000;500;Yes;0;0;cyclic;36;No;J1939PG
DSE_ECO_DBG;0x18A7C24A;J1939 PG (ext. ID);8;cyclic;1000;PCM;- DSE Functionnality. Message sent for debugging on the CAN Telem;Iveco Bus Proprietary;14333;DSE_ECO_DBG - DSE EcoMode DBG;0;No;No;No;No;1000;1000;500;Yes;0;0;cyclic;38;No;J1939PG
DSE_ENG;0x18A7C34A;J1939 PG (ext. ID);8;cyclic;1000;PCM;- DSE Functionnality. Message sent for debugging on the CAN Telem;Iveco Bus Proprietary;14335;DSE_ENG - DSE Engine Use;0;No;No;No;No;1000;1000;500;Yes;0;0;cyclic;40;No;J1939PG
DSE_EVAL;0x18A7E84A;J1939 PG (ext. ID);8;cyclic;1000;PCM;- DSE Functionnality. Message sent for debugging on the CAN Telem;Iveco Bus Proprietary;14341;DSE_EVAL - DSE Evaluated Trip;0;No;No;No;No;1000;1000;500;Yes;0;0;cyclic;108;No;J1939PG
DSE_FUEL;0x18A7C44A;J1939 PG (ext. ID);8;cyclic;500;PCM;- Fuel score is the value interpreated by the cluster's econometer.;Iveco Bus Proprietary;1906;DSE_FUEL - DSE Fuel;0;No;No;No;No;500;500;250;Yes;0;0;cyclic;0;No;J1939PG
DSE_FUEL_CONSP;0x18A7EC4A;J1939 PG (ext. ID);8;cyclic;1000;PCM;- DSE Functionnality. Message sent for debugging on the CAN Telem;Iveco Bus Proprietary;14344;DSE_FUEL_CONSP - DSE Fuel Consumption;0;No;No;No;No;1000;1000;500;Yes;0;0;cyclic;116;No;J1939PG
DSE_GPSIN;0x18A7C54A;J1939 PG (ext. ID);8;cyclic;1000;PCM;- DSE Functionnality. Message sent for debugging on the CAN Telem;Iveco Bus Proprietary;14349;DSE_GPSIN - DSE GPSIN;0;No;No;No;No;1000;1000;500;Yes;0;0;cyclic;42;No;J1939PG
DSE_HNBK;0x18A7C64A;J1939 PG (ext. ID);8;cyclic;1000;PCM;- DSE Functionnality. Message sent for debugging on the CAN Telem;Iveco Bus Proprietary;14356;DSE_HNBK - DSE Hand Brake;0;No;No;No;No;1000;1000;500;Yes;0;0;cyclic;44;No;J1939PG
DSE_HNBK_DBG;0x18A7C74A;J1939 PG (ext. ID);8;cyclic;1000;PCM;- DSE Functionnality. Message sent for debugging on the CAN Telem;Iveco Bus Proprietary;14362;DSE_HNBK_DBG - DSE Hand Brake DBG;0;No;No;No;No;1000;1000;500;Yes;0;0;cyclic;46;No;J1939PG
DSE_HRBK;0x18A7C84A;J1939 PG (ext. ID);8;cyclic;1000;PCM;- DSE Functionnality. Message sent for debugging on the CAN Telem;Iveco Bus Proprietary;14365;DSE_HRBK - DSE HarshBraking;0;No;No;No;No;1000;1000;500;Yes;0;0;cyclic;48;No;J1939PG
DSE_HRBK_DBG;0x18A7C94A;J1939 PG (ext. ID);8;cyclic;1000;PCM;- DSE Functionnality. Message sent for debugging on the CAN Telem;Iveco Bus Proprietary;14371;DSE_HRBK_DBG - DSE HarshBraking DBG;0;No;No;No;No;1000;1000;500;Yes;0;0;cyclic;50;No;J1939PG
DSE_HRSTR;0x18A7CA4A;J1939 PG (ext. ID);8;cyclic;1000;PCM;- DSE Functionnality. Message sent for debugging on the CAN Telem;Iveco Bus Proprietary;14375;DSE_HRSTR - DSE Harsh Steeering;0;No;No;No;No;1000;1000;500;Yes;0;0;cyclic;52;No;J1939PG
DSE_HRSTR_DBG;0x18A7CB4A;J1939 PG (ext. ID);8;cyclic;1000;PCM;- DSE Functionnality. Message sent for debugging on the CAN Telem;Iveco Bus Proprietary;14381;DSE_HRSTR_DBG - DSE Harsh Steeering DBG;0;No;No;No;No;1000;1000;500;Yes;0;0;cyclic;54;No;J1939PG
DSE_INE;0x18A7CD4A;J1939 PG (ext. ID);8;cyclic;1000;PCM;- DSE Functionnality. Message sent for debugging on the CAN Telem;Iveco Bus Proprietary;14384;DSE_INE - DSE Inertia;0;No;No;No;No;1000;1000;500;Yes;0;0;cyclic;56;No;J1939PG
DSE_INE_DBG;0x18A7CE4A;J1939 PG (ext. ID);8;cyclic;1000;PCM;- DSE Functionnality. Message sent for debugging on the CAN Telem;Iveco Bus Proprietary;14390;DSE_INE_DBG - DSE Inertia DBG;0;No;No;No;No;1000;1000;500;Yes;0;0;cyclic;58;No;J1939PG
DSE_INEPECC;0x18A7CF4A;J1939 PG (ext. ID);8;cyclic;1000;PCM;- DSE Functionnality. Message sent for debugging on the CAN Telem;Iveco Bus Proprietary;14400;DSE_INEPECC - DSE Inertia Pecc;0;No;No;No;No;1000;1000;500;Yes;0;0;cyclic;60;No;J1939PG
DSE_LATERAL;0x18A7ED4A;J1939 PG (ext. ID);8;cyclic;1000;PCM;- DSE Functionnality. Message sent for debugging on the CAN Telem;Iveco Bus Proprietary;14406;DSE_LATERAL - DSE Lateral;0;No;No;No;No;1000;1000;500;Yes;0;0;cyclic;118;No;J1939PG
DSE_LATERAL_DBG;0x18A7F14A;J1939 PG (ext. ID);8;cyclic;1000;PCM;- DSE Functionnality. Message sent for debugging on the CAN Telem;Iveco Bus Proprietary;14412;DSE_LATERAL_DBG - DSE Lateral DBG;0;No;No;No;No;1000;1000;500;Yes;0;0;cyclic;126;No;J1939PG
DSE_LNDPT;0x18A7D04A;J1939 PG (ext. ID);8;cyclic;1000;PCM;- DSE Functionnality. Message sent for debugging on the CAN Telem;Iveco Bus Proprietary;14415;DSE_LNDPT - DSE Lane departure;0;No;No;No;No;1000;1000;500;Yes;0;0;cyclic;62;No;J1939PG
DSE_LNDPT_DBG;0x18A7D14A;J1939 PG (ext. ID);8;cyclic;1000;PCM;- DSE Functionnality. Message sent for debugging on the CAN Telem;Iveco Bus Proprietary;14421;DSE_LNDPT_DBG - DSE Lane departure DBG;0;No;No;No;No;1000;1000;500;Yes;0;0;cyclic;64;No;J1939PG
DSE_LONGITUDINAL;0x18A7EE4A;J1939 PG (ext. ID);8;cyclic;1000;PCM;- DSE Functionnality. Message sent for debugging on the CAN Telem;Iveco Bus Proprietary;14424;DSE_LONGITUDINAL - DSE Longitudinal;0;No;No;No;No;1000;1000;500;Yes;0;0;cyclic;120;No;J1939PG
DSE_LONGITUDINAL_DBG;0x18A7F24A;J1939 PG (ext. ID);8;cyclic;1000;PCM;- DSE Functionnality. Message sent for debugging on the CAN Telem;Iveco Bus Proprietary;14430;DSE_LONGITUDINAL_DBG - DSE Longitudinal DBG;0;No;No;No;No;1000;1000;500;Yes;0;0;cyclic;128;No;J1939PG
DSE_MOIS;0x18A7FD4A;J1939 PG (ext. ID);8;cyclic;1000;PCM;- DSE Functionnality. Message sent for debugging on the CAN Telem;Iveco Bus Proprietary;14511;DSE_MOIS - DSE Mois;0;No;No;No;No;1000;1000;500;Yes;0;0;cyclic;150;No;J1939PG
DSE_NOTF;0x18A7D24A;J1939 PG (ext. ID);8;cyclic;1000;PCM;- DSE Functionnality. Message sent for debugging on the CAN Telem;Iveco Bus Proprietary;14517;DSE_NOTF - DSE Notification;0;No;No;No;No;1000;1000;500;Yes;0;0;cyclic;66;No;J1939PG
DSE_OFFB_INDEX;0x18A7EA4A;J1939 PG (ext. ID);8;cyclic;1000;PCM;- DSE Functionnality. Message sent for debugging on the CAN Telem;Iveco Bus Proprietary;14522;DSE_OFFB_INDEX - DSE OFFB Index;0;No;No;No;No;1000;1000;500;Yes;0;0;cyclic;112;No;J1939PG
DSE_OFFB_METRICS;0x18A7EB4A;J1939 PG (ext. ID);8;cyclic;1000;PCM;- DSE Functionnality. Message sent for debugging on the CAN Telem;Iveco Bus Proprietary;14530;DSE_OFFB_METRICS - DSE OFFB METRICS;0;No;No;No;No;1000;1000;500;Yes;0;0;cyclic;114;No;J1939PG
DSE_OLDDAS;0x18A7D34A;J1939 PG (ext. ID);8;cyclic;1000;PCM;- DSE Functionnality. Message sent for debugging on the CAN Telem;Iveco Bus Proprietary;14538;DSE_OLDDAS - DSE OldDas;0;No;No;No;No;1000;1000;500;Yes;0;0;cyclic;68;No;J1939PG
DSE_PCM_ACCEL;0x18A7F04A;J1939 PG (ext. ID);8;cyclic;1000;PCM;- DSE Functionnality. Message sent for debugging on the CAN Telem;Iveco Bus Proprietary;14544;DSE_PCM_ACCEL - DSE PCM Accelerometer;0;No;No;No;No;1000;1000;500;Yes;0;0;cyclic;124;No;J1939PG
DSE_PECC;0x18A7D44A;J1939 PG (ext. ID);8;cyclic;1000;PCM;- DSE Functionnality. Message sent for debugging on the CAN Telem;Iveco Bus Proprietary;14548;DSE_PECC - DSE Pecc;0;No;No;No;No;1000;1000;500;Yes;0;0;cyclic;70;No;J1939PG
DSE_PECC_DBG;0x18A7D54A;J1939 PG (ext. ID);8;cyclic;1000;PCM;- DSE Functionnality. Message sent for debugging on the CAN Telem;Iveco Bus Proprietary;14554;DSE_PECC_DBG - DSE Pecc DBG;0;No;No;No;No;1000;1000;500;Yes;0;0;cyclic;72;No;J1939PG
DSE_RAD;0x18A7D64A;J1939 PG (ext. ID);8;cyclic;1000;PCM;- DSE Functionnality. Message sent for debugging on the CAN Telem;Iveco Bus Proprietary;14557;DSE_RAD - DSE Radar;0;No;No;No;No;1000;1000;500;Yes;0;0;cyclic;74;No;J1939PG
DSE_RAD_DBG;0x18A7D74A;J1939 PG (ext. ID);8;cyclic;1000;PCM;- DSE Functionnality. Message sent for debugging on the CAN Telem;Iveco Bus Proprietary;14563;DSE_RAD_DBG - DSE Radar DBG;0;No;No;No;No;1000;1000;500;Yes;0;0;cyclic;76;No;J1939PG
DSE_RPM;0x18A7D84A;J1939 PG (ext. ID);8;cyclic;1000;PCM;- DSE Functionnality. Message sent for debugging on the CAN Telem;Iveco Bus Proprietary;14566;DSE_RPM - DSE Rpm;0;No;No;No;No;1000;1000;500;Yes;0;0;cyclic;78;No;J1939PG
DSE_RPM_DBG;0x18A7D94A;J1939 PG (ext. ID);8;cyclic;1000;PCM;- DSE Functionnality. Message sent for debugging on the CAN Telem;Iveco Bus Proprietary;14572;DSE_RPM_DBG - DSE Rpm DBG;0;No;No;No;No;1000;1000;500;Yes;0;0;cyclic;80;No;J1939PG
DSE_SAFEDIST;0x18A7F94A;J1939 PG (ext. ID);8;cyclic;1000;PCM;- DSE Functionnality. Message sent for debugging on the CAN Telem;Iveco Bus Proprietary;14583;DSE_SAFEDIST - DSE Safe Distance;0;No;No;No;No;1000;1000;500;Yes;0;0;cyclic;142;No;J1939PG
DSE_SAFEPOS;0x18A7FA4A;J1939 PG (ext. ID);8;cyclic;1000;PCM;- DSE Functionnality. Message sent for debugging on the CAN Telem;Iveco Bus Proprietary;14589;DSE_SAFEPOS - DSE Safe Position;0;No;No;No;No;1000;1000;500;Yes;0;0;cyclic;144;No;J1939PG
DSE_SAFETY;0x18A7DA4A;J1939 PG (ext. ID);8;cyclic;1000;PCM;- DSE Functionnality. Message sent for debugging on the CAN Telem;Iveco Bus Proprietary;14595;DSE_SAFETY - DSE Safety;0;No;No;No;No;1000;1000;500;Yes;0;0;cyclic;82;No;J1939PG
DSE_SF_TIRE;0x18A7DB4A;J1939 PG (ext. ID);8;cyclic;1000;PCM;- DSE Functionnality. Message sent for debugging on the CAN Telem;Iveco Bus Proprietary;14601;DSE_SF_TIRE - DSE Tire safety;0;No;No;No;No;1000;1000;500;Yes;0;0;cyclic;84;No;J1939PG
DSE_SF_TIRE_DBG;0x18A7DC4A;J1939 PG (ext. ID);8;cyclic;1000;PCM;- DSE Functionnality. Message sent for debugging on the CAN Telem;Iveco Bus Proprietary;14607;DSE_SF_TIRE_DBG - DSE Tire safety DBG;0;No;No;No;No;1000;1000;500;Yes;0;0;cyclic;86;No;J1939PG
DSE_SLOWMAN;0x18A7F74A;J1939 PG (ext. ID);8;cyclic;1000;PCM;- DSE Functionnality. Message sent for debugging on the CAN Telem;Iveco Bus Proprietary;14610;DSE_SLOWMAN - DSE Slow Maneuver;0;No;No;No;No;1000;1000;500;Yes;0;0;cyclic;138;No;J1939PG
DSE_SPEED;0x18A7F64A;J1939 PG (ext. ID);8;cyclic;1000;PCM;- DSE Functionnality. Message sent for debugging on the CAN Telem;Iveco Bus Proprietary;14616;DSE_SPEED - DSE Speed;0;No;No;No;No;1000;1000;500;Yes;0;0;cyclic;136;No;J1939PG
DSE_START;0x18A7DD4A;J1939 PG (ext. ID);8;cyclic;1000;PCM;- DSE Functionnality. Message sent for debugging on the CAN Telem;Iveco Bus Proprietary;14622;DSE_START - DSE Start;0;No;No;No;No;1000;1000;500;Yes;0;0;cyclic;88;No;J1939PG
DSE_STATUS;0x18FF694A;J1939 PG (ext. ID);8;cyclic;500;PCM;- Blue pictograms displayed at the top right corner above the vehicle speed on the cluster;Iveco Proprietary;1912;DSE_STATUS - DSE Status Harsh;0;No;No;No;No;500;500;250;Yes;0;0;cyclic;2;No;J1939PG
DSE_STATUS_TRIP;0x18A7DE4A;J1939 PG (ext. ID);8;cyclic;1000;PCM;- DSE Functionnality;Iveco Bus Proprietary;14625;DSE_STATUS_TRIP - DSE Status Trip;0;No;No;No;No;1000;1000;500;Yes;0;0;cyclic;90;No;J1939PG
DSE_STCNT;0x18A7DF4A;J1939 PG (ext. ID);8;cyclic;1000;PCM;- DSE Functionnality. Message sent for debugging on the CAN Telem;Iveco Bus Proprietary;14630;DSE_STCNT - DSE Stability Control;0;No;No;No;No;1000;1000;500;Yes;0;0;cyclic;92;No;J1939PG
DSE_STCNT_DBG;0x18A7E04A;J1939 PG (ext. ID);8;cyclic;1000;PCM;- DSE Functionnality. Message sent for debugging on the CAN Telem;Iveco Bus Proprietary;14636;DSE_STCNT_DBG - DSE Stability Control DBG;0;No;No;No;No;1000;1000;500;Yes;0;0;cyclic;94;No;J1939PG
DSE_STOP;0x18A7E14A;J1939 PG (ext. ID);8;cyclic;1000;PCM;- DSE Functionnality. Message sent for debugging on the CAN Telem;Iveco Bus Proprietary;14639;DSE_STOP - DSE Stop;0;No;No;No;No;1000;1000;500;Yes;0;0;cyclic;96;No;J1939PG
DSE_STOP_DBG;0x18A7E24A;J1939 PG (ext. ID);8;cyclic;1000;PCM;- DSE Functionnality. Message sent for debugging on the CAN Telem;Iveco Bus Proprietary;14645;DSE_STOP_DBG - DSE Stop DBG;0;No;No;No;No;1000;1000;500;Yes;0;0;cyclic;98;No;J1939PG
DSE_TEVENT;0x18A7E94A;J1939 PG (ext. ID);8;cyclic;1000;PCM;- DSE Functionnality. Message sent for debugging on the CAN Telem;Iveco Bus Proprietary;14653;DSE_TEVENT - DSE TEvent;0;No;No;No;No;1000;1000;500;Yes;0;0;cyclic;110;No;J1939PG
DSE_TIRE;0x18A7E34A;J1939 PG (ext. ID);8;cyclic;1000;PCM;- DSE Functionnality. Message sent for debugging on the CAN Telem;Iveco Bus Proprietary;14660;DSE_TIRE - DSE Tire;0;No;No;No;No;1000;1000;500;Yes;0;0;cyclic;100;No;J1939PG
DSE_TIRE_DBG;0x18A7E44A;J1939 PG (ext. ID);8;cyclic;1000;PCM;- DSE Functionnality. Message sent for debugging on the CAN Telem;Iveco Bus Proprietary;14666;DSE_TIRE_DBG - DSE Tire DBG;0;No;No;No;No;1000;1000;500;Yes;0;0;cyclic;102;No;J1939PG
DSE_TRIP_B;0x18A7FB4A;J1939 PG (ext. ID);8;cyclic;1000;PCM;- DSE Functionnality;Iveco Bus Proprietary;14669;DSE_TRIP_B - DSE TripB;0;No;No;No;No;1000;1000;500;Yes;0;0;cyclic;146;No;J1939PG
DSE_VEHCONT;0x18A7F84A;J1939 PG (ext. ID);8;cyclic;1000;PCM;- DSE Functionnality. Message sent for debugging on the CAN Telem;Iveco Bus Proprietary;14675;DSE_VEHCONT - DSE Vehicle Control;0;No;No;No;No;1000;1000;500;Yes;0;0;cyclic;140;No;J1939PG
DSE_VER;0x18A7E64A;J1939 PG (ext. ID);8;cyclic;1000;PCM;- DSE Functionnality. Message sent for debugging on the CAN Telem;Iveco Bus Proprietary;14681;DSE_VER - DSE Version;0;No;No;No;No;1000;1000;500;Yes;0;0;cyclic;104;No;J1939PG
DSE_VERTICAL;0x18A7EF4A;J1939 PG (ext. ID);8;cyclic;1000;PCM;- DSE Functionnality. Message sent for debugging on the CAN Telem;Iveco Bus Proprietary;14686;DSE_VERTICAL - DSE Vertical;0;No;No;No;No;1000;1000;500;Yes;0;0;cyclic;122;No;J1939PG
DSE_VERTICAL_DBG;0x18A7F34A;J1939 PG (ext. ID);8;cyclic;1000;PCM;- DSE Functionnality. Message sent for debugging on the CAN Telem;Iveco Bus Proprietary;14692;DSE_VERTICAL_DBG - DSE Vertical DBG;0;No;No;No;No;1000;1000;500;Yes;0;0;cyclic;130;No;J1939PG
EBC1;0x18F0010B;J1939 PG (ext. ID);8;cyclic;100;BSM_EBS;- DR.ZF.RM.INT.3..VDB: only message timeout is monitored;J1939DA;229;EBC1 - Electronic Brake Controller 1;0;No;No;No;No;100;100;50;Yes;0;0;cyclic;4;No;J1939PG
EBC2;0x18FEBF0B;J1939 PG (ext. ID);8;cyclic;50;BSM_EBS;- Full elec: Timeout (ms): 250 ms...;J1939DA;266;EBC2 - Wheel Speed Information;0;No;No;No;No;50;50;25;Yes;0;0;cyclic;2;No;J1939PG
EBC4_A;0x1CFEAC0B;J1939 PG (ext. ID);8;cyclic;5000;BSM_EBS;- Only valid if no faster OnRequest requests are sollicitated;J1939DA;292;EBC4_A - Wheel Brake Lining Remaining Information;0;No;No;No;No;5000;5000;2500;Yes;0;0;cyclic;55;No;J1939PG
EBC5;0x18FDC40B;J1939 PG (ext. ID);8;cyclic;100;BSM_EBS;- Not used for Bus ACC, as no XBR_ACC....;J1939DA;301;EBC5 - Electronic Brake Controller 5;0;No;No;No;No;100;100;50;Yes;0;0;cyclic;16;No;J1939PG
EC1_00_E3;0x18FEE300;J1939 PG (ext. ID);40;cyclic;5000;MD1_ECM;- Message Length: 34/40 bytes, depending on the application....;J1939DA;965;EC1_00_E3 - Engine Configuration 1;0;No;No;No;No;5000;5000;500;Yes;0;0;cyclic;44;No;J1939PG
EC1_80;0x18FEE380;J1939 PG (ext. ID);28;cyclic;2000;VCU;- Specific to Siemens Full Elec vehicles.;J1939DA;994;EC1_80 - Engine Configuration 1;0;No;No;No;No;2000;2000;500;Yes;0;0;cyclic;13;No;J1939PG
ECCU2SCU_49;0x18FFA149;J1939 PG (ext. ID);8;cyclic;5000;FCCU;- Message sent by the ECCU at period 5000ms in the case ECCU.;Iveco Proprietary;4033;ECCU2SCU_49 - Embedded Charging Control Unit to Supervisor;0;No;No;No;No;5000;5000;2500;Yes;0;0;cyclic;6;No;J1939PG
ECCU_Inf1;0x18FFA649;J1939 PG (ext. ID);8;cyclic;1000;FCCU;- Specific to Siemens Full Elec vehicles. Only for case FCCU.;Iveco Proprietary;2904;ECCU_Inf1 - ECCU_Information_1 - Embedded Charging Control Unit ;0;No;No;No;No;1000;1000;500;Yes;0;0;cyclic;2;No;J1939PG
ECU_CAID2;0x18FDC55E;J1939 PG (ext. ID);8;cyclic;1000;AI_CAID;- Multipacket message handled by SAE Transport Protocol (J1939/21, par 5.10, Multipacket Broadcast with TP.CM/BAM, TP.DT)...;J1939DA;10343;ECU_CAID2 - ECU Identification CAID2;0;No;No;No;No;1000;1000;500;Yes;0;0;cyclic;4;No;J1939PG
ECUID_1D;0x18FDC51D;J1939 PG (ext. ID);1005;noMsgSendType;0;SGW;- Multipacket message handled by SAE Transport Protocol (J1939/21, par 5.10, Multipacket Broadcast with TP.CM/BAM, TP.DT)...;J1939DA;10322;ECUID_1D - ECU Identification Information;0;No;No;No;No;0;0;1;Yes;0;0;noMsgSendType;0;Yes;J1939PG
Edc2BcIC;0x18FF0300;J1939 PG (ext. ID);8;cyclic;50;MD1_ECM;- VCM4 read EDC2BC on Engine CAN with Id 18 FF 21 00 and emit a copy with Id 18 FF 03 00.;Iveco SPR1 Proprietary;4048;Edc2BcIC - EDC to Body Computer - IC;0;No;No;No;No;50;50;25;Yes;0;0;cyclic;13;No;J1939PG
EEC1;0xCF00400;J1939 PG (ext. ID);8;cyclic;10;MD1_ECM;- Broadcasted with modifications...;J1939DA;836;EEC1 - Electronic Engine Controller 1;0;No;No;No;No;10;10;5;Yes;0;0;cyclic;8;No;J1939PG
EEC14_17;0x18FDC217;J1939 PG (ext. ID);8;cyclic;10000;IC_Multic;;J1939DA;959;EEC14_17 - Engine Configuration;0;No;No;No;No;10000;10000;5000;Yes;0;0;cyclic;127;No;J1939PG
EEC1_80;0xCF00480;J1939 PG (ext. ID);8;cyclic;10;VCU;- Timeout (ms): 50 ms / -...;J1939DA;855;EEC1_80 - Electronic Engine Controller 1;0;No;No;No;No;10;10;5;Yes;0;0;cyclic;2;No;J1939PG
EEC2;0xCF00300;J1939 PG (ext. ID);8;cyclic;50;MD1_ECM;- ICE bus only;J1939DA;863;EEC2 - Electronic Engine Controller 2;0;No;No;No;No;50;50;25;Yes;0;0;cyclic;11;No;J1939PG
EEC2_80;0xCF00380;J1939 PG (ext. ID);8;cyclic;50;VCU;- Full elec Siemens only;J1939DA;878;EEC2_80 - Electronic Engine Controller 2;0;No;No;No;No;50;50;25;Yes;0;0;cyclic;6;No;J1939PG
EEC3;0x18FEDF00;J1939 PG (ext. ID);8;cyclic;250;MD1_ECM;- Diesel / Gas only;J1939DA;931;EEC3 - Electronic Engine Controller 3;0;No;No;No;No;250;250;125;Yes;0;0;cyclic;32;No;J1939PG
EEC3_80;0x18FEDF80;J1939 PG (ext. ID);8;cyclic;200;VCU;- Siemens Full elec only. 250 ms in messagerie ELFA3 . 200ms in messagerie ELFA2.;J1939DA;941;EEC3_80 - Electronic Engine Controller 3;0;No;No;No;No;200;200;100;Yes;0;0;cyclic;17;No;J1939PG
EFLP1;0x18FEEF00;J1939 PG (ext. ID);8;cyclic;500;MD1_ECM;;J1939DA;1076;EFLP1 - Engine Fluid Level/Pressure 1;0;No;No;No;No;500;500;250;Yes;0;0;cyclic;29;No;J1939PG
EFLP1_21;0x18FEEF21;J1939 PG (ext. ID);8;cyclic;500;BCM_NBM;;J1939DA;1085;EFLP1_21 - Engine Fluid Level/Pressure 1;0;No;No;No;No;500;500;250;Yes;0;0;cyclic;92;No;J1939PG
ELFASys1_ELFA2;0x18FF8F5A;J1939 PG (ext. ID);8;cyclic;50;DICO;- Specific to Siemens Full Elec vehicles. Elfa2 only.;Iveco Proprietary;1364;ELFASys1_ELFA2 - ElfaSystem1 - DICO to VCU;0;No;No;No;No;50;50;25;Yes;0;0;cyclic;8;No;J1939PG
EmCmd;0x18FFC272;J1939 PG (ext. ID);8;cyclic;50;NODE_72;- CNG and MH only...;Iveco SPR2 Proprietary;3928;EmCmd - Expansion Module Command;0;No;No;No;No;50;50;50;Yes;0;0;cyclic;10;No;J1939PG
ERC1_DR;0x18F00010;J1939 PG (ext. ID);8;cyclic;20;RM_IRCS;-  2 Message Variant(s): Transm.Rates 20, 100...;J1939DA;407;ERC1_DR - Electronic Retarder Controller 1 - Driveline Retarder;0;No;No;No;No;20;20;10;Yes;0;0;cyclic;4;No;J1939PG
ERC1_ER;0x18F0000F;J1939 PG (ext. ID);8;cyclic;100;NODE_F;- 1 message instance, SA=0x0F, 0x29, as selected by calibration (Integration Layer)...;J1939DA;14809;ERC1_ER - Electronic Retarder Controller 1 - Engine Retarder;0;No;No;No;No;100;100;50;Yes;0;0;cyclic;15;No;J1939PG
ET1;0x18FEEE00;J1939 PG (ext. ID);8;cyclic;1000;MD1_ECM;;J1939DA;1069;ET1 - Engine Temperature 1;0;No;No;No;No;1000;1000;500;Yes;0;0;cyclic;42;No;J1939PG
ETC1;0xCF00203;J1939 PG (ext. ID);8;cyclic;10;ETC;;J1939DA;529;ETC1 - Electronic Transmission Controller 1;0;No;No;No;No;10;10;5;Yes;0;0;cyclic;0;No;J1939PG
ETC2;0x18F00503;J1939 PG (ext. ID);8;cyclic;100;ETC;- All Powertrain except manual transmission....;J1939DA;541;ETC2 - Electronic Transmission Controller 2;0;No;No;No;No;100;100;50;Yes;0;0;cyclic;8;No;J1939PG
ETC6_P6;0x18FEAB03;J1939 PG (ext. ID);8;cyclic;250;ETC;- Only with manual transmission. SAE recommanded priority=7;J1939DA;564;ETC6_P6 - Electronic Transmission Controller 6;0;No;No;No;No;250;250;125;Yes;0;0;cyclic;29;No;J1939PG
ETC8;0xCF00C03;J1939 PG (ext. ID);8;cyclic;100;ETC;- 100ms in case torque converter locked. 20ms otherwise;J1939DA;625;ETC8 - Electronic Transmission Controller #8;0;No;No;No;No;100;20;10;Yes;0;0;cyclic;9;No;J1939PG
FD1_21;0x18FEBD21;J1939 PG (ext. ID);8;cyclic;1000;BCM_NBM;- Only on UW Diesel CNG;J1939DA;2180;FD1_21 - Fan Drive #1;0;No;No;No;No;1000;1000;500;Yes;0;0;cyclic;123;No;J1939PG
FLI1_9E;0x10F0079E;J1939 PG (ext. ID);8;cyclic;50;ADCU;- Fastest transmission rate 50ms when requested / not send when not requested...;J1939DA;3104;FLI1_9E - Forward Lane Image 1;0;No;No;No;No;50;50;25;Yes;4;0;cyclic;4;No;J1939PG
FLI2_9E;0x18FE5B9E;J1939 PG (ext. ID);8;cyclic;100;ADCU;;J1939DA;3118;FLI2_9E - Forward Lane Image 2;0;No;No;No;No;100;100;50;Yes;0;0;cyclic;8;No;J1939PG
HOURS;0x18FEE500;J1939 PG (ext. ID);8;cyclic;1000;MD1_ECM;- All engines available, even if SA=00....;J1939DA;1093;HOURS - Engine Hours, Revolutions;0;No;No;No;No;1000;1000;500;Yes;0;0;cyclic;38;No;J1939PG
HRLFC;0x18FD0900;J1939 PG (ext. ID);8;cyclic;1000;MD1_ECM;- Accumulated amount of fuel used during vehicle operation.;J1939DA;1147;HRLFC - High Resolution Fuel Consumption (Liquid);0;No;No;No;No;1000;1000;500;Yes;0;0;cyclic;44;No;J1939PG
HSI1_21;0x18FED621;J1939 PG (ext. ID);8;cyclic;100;BCM_NBM;- Specific to Siemens Full Elec vehicles;J1939DA;2221;HSI1_21 - Hybrid System Inputs 1;0;No;No;No;No;100;100;50;Yes;0;0;cyclic;57;No;J1939PG
HSS1_5A;0x18FCC25A;J1939 PG (ext. ID);8;cyclic;100;DICO;- Specific to Siemens Full Elec vehicles....;J1939DA;2233;HSS1_5A - Hybrid System Status 1;0;No;No;No;No;100;100;100;Yes;0;0;cyclic;14;No;J1939PG
HSS2_5A;0x18FCB75A;J1939 PG (ext. ID);8;cyclic;1000;DICO;- Specific to Siemens Full Elec vehicles;J1939DA;2275;HSS2_5A - Hybrid System Status 2;0;No;No;No;No;1000;1000;500;Yes;0;0;cyclic;30;No;J1939PG
HTCU2BC_03;0x18FF0903;J1939 PG (ext. ID);8;cyclic;100;ETC;- Related to Voith Mild Hybrid project;FPT Proprietary;2278;HTCU2BC_03 - HTCU to BC (Mild Hybrid);0;No;No;No;No;100;100;50;Yes;0;0;cyclic;27;No;J1939PG
HTCU2PM_1;0x18FF0A03;J1939 PG (ext. ID);8;cyclic;300;ETC;- Related to Voith Mild Hybrid project...;Iveco Proprietary;2306;HTCU2PM_1 - HTCU 2 PREDICTIVE MAINTENANCE #1;0;No;No;No;No;300;300;150;Yes;0;0;cyclic;22;No;J1939PG
HTCU2PM_2;0x18FF0B03;J1939 PG (ext. ID);8;cyclic;300;ETC;- Related to Voith Mild Hybrid project...;Iveco Proprietary;2312;HTCU2PM_2 - HTCU 2 PREDICTIVE MAINTENANCE #2;0;No;No;No;No;300;300;150;Yes;0;0;cyclic;36;No;J1939PG
HTCU2PM_3;0x18FF0D03;J1939 PG (ext. ID);8;cyclic;300;ETC;- Related to Voith Mild Hybrid project;Iveco Proprietary;2319;HTCU2PM_3 - HTCU 2 PREDICTIVE MAINTENANCE #3;0;No;No;No;No;300;300;150;Yes;0;0;cyclic;24;No;J1939PG
HVBoxOppSt;0x18FFA680;J1939 PG (ext. ID);8;cyclic;1000;VCU;- Specific to Siemens Full Elec vehicles;Iveco Proprietary;1374;HVBoxOppSt - HV-Box opportunity contactor state;0;No;No;No;No;1000;1000;500;Yes;0;0;cyclic;34;No;J1939PG
HVBoxOvnSt;0x18FFA580;J1939 PG (ext. ID);8;cyclic;1000;VCU;- Specific to Siemens Full Elec vehicles;Iveco Proprietary;1381;HVBoxOvnSt - HV-Box overnight contactor state;0;No;No;No;No;1000;1000;500;Yes;0;0;cyclic;32;No;J1939PG
HVBoxSOHSt;0x18FFA380;J1939 PG (ext. ID);8;cyclic;5000;VCU;- Specific to Siemens Full Elec vehicles. PCM Traction: in according with VCU file;Iveco Proprietary;1388;HVBoxSOHSt - Contactor SOH (state of health);0;No;No;No;No;5000;5000;2500;Yes;0;0;cyclic;46;No;J1939PG
HVESSD1_5A;0xCF0905A;J1939 PG (ext. ID);8;cyclic;1000;DICO;- Specific to Siemens Full Elec vehicles.;J1939DA;2326;HVESSD1_5A - High Voltage Energy Storage System Data 1;0;No;No;No;No;1000;1000;500;Yes;0;0;cyclic;28;No;J1939PG
HVESSHIST_F3;0xCFC5EF3;J1939 PG (ext. ID);11;cyclic;1000;MBMS;- Specific to Siemens Full Elec vehicles - Predispo for PCM....;J1939DA;2518;HVESSHIST_F3 - Historical data for High Voltage Energy Storage System;0;No;No;No;No;1000;1000;500;Yes;0;0;cyclic;2;No;J1939PG
IC1;0x18FEF600;J1939 PG (ext. ID);8;cyclic;100;MD1_ECM;;J1939DA;1097;IC1 - Intake/Exhaust Conditions 1;0;No;No;No;No;100;100;50;Yes;0;0;cyclic;18;No;J1939PG
InfPow1;0x18FFF080;J1939 PG (ext. ID);8;cyclic;500;VCU;- Specific to Siemens Full Elec vehicles;Iveco Proprietary;1120;InfPow1 - Power information 1 from driveline;0;No;No;No;No;500;500;250;Yes;0;0;cyclic;26;No;J1939PG
InfPow2;0x18FFEF80;J1939 PG (ext. ID);8;cyclic;1000;VCU;- Specific to Siemens Full Elec vehicles. Predisposal;Iveco Proprietary;1129;InfPow2 - Power information 2 from driveline;0;No;No;No;No;1000;1000;500;Yes;0;0;cyclic;52;No;J1939PG
LC_17;0x18FE0F17;J1939 PG (ext. ID);8;cyclic;1000;IC_Multic;;ISO11783-7;2644;LC_17 - Language Command;0;No;No;No;No;1000;1000;500;Yes;0;0;cyclic;72;No;J1939PG
LFC;0x18FEE900;J1939 PG (ext. ID);8;cyclic;1000;MD1_ECM;- All engines except Full elec. CAN Engine: Only ''On Request''. Others Cyclic Transmission Rate as result of PGN requests;J1939DA;1105;LFC - Fuel Consumption (Liquid);0;No;No;No;No;1000;1000;500;Yes;0;0;cyclic;56;No;J1939PG
LFE;0x18FEF200;J1939 PG (ext. ID);8;cyclic;100;MD1_ECM;- All engines, without Full elec;J1939DA;1172;LFE - Fuel Economy;0;No;No;No;No;100;100;50;Yes;0;0;cyclic;15;No;J1939PG
MBMS2SCU1_F3;0x18FF31F3;J1939 PG (ext. ID);8;cyclic;5000;MBMS;- Specific to Siemens Full Elec vehicles....;Iveco Bus Proprietary;1481;MBMS2SCU1_F3 - ABMS;0;No;No;No;No;5000;5000;2500;Yes;0;0;cyclic;30;No;J1939PG
MBMS2SCU2_27;0x18FF3227;J1939 PG (ext. ID);8;cyclic;1000;VCM;- Specific to Siemens Full Elec vehicles. Timeout (ms): 3000 ms;Iveco Bus Proprietary;1516;MBMS2SCU2_27 - ABMS1;0;No;No;No;No;1000;1000;500;Yes;0;0;cyclic;18;No;J1939PG
MBMS2SCU2_F3;0x18FF32F3;J1939 PG (ext. ID);8;cyclic;5000;MBMS;- Specific to Siemens Full Elec vehicles;Iveco Bus Proprietary;1507;MBMS2SCU2_F3 - ABMS1;0;No;No;No;No;5000;5000;2500;Yes;0;0;cyclic;36;No;J1939PG
MecFdbTU1;0xCFF80EF;J1939 PG (ext. ID);8;cyclic;10;ELFA3;- Specific to Siemens Full Elec vehicles. PCM: Fill in according with VCU file (CAN Traction);Iveco Proprietary;1406;MecFdbTU1 - MecFeedbackTractUnit1;0;No;No;No;No;10;10;5;Yes;0;0;cyclic;2;No;J1939PG
MUX2VCU_FC;0x18FF7421;J1939 PG (ext. ID);8;cyclic;100;BCM_NBM;;Iveco Bus Proprietary;18957;MUX2VCU_FC - MUX2VCU_FuelCell;0;No;No;No;No;100;100;50;Yes;0;0;cyclic;78;No;J1939PG
MVS_21;0x18FDE521;J1939 PG (ext. ID);8;cyclic;1000;BCM_NBM;- Specific to Siemens Full Elec vehicles.;J1939DA;2175;MVS_21 - Maximum Vehicle Speed Limit Status;0;No;No;No;No;1000;1000;500;Yes;0;0;cyclic;111;No;J1939PG
OEL;0xCFDCC21;J1939 PG (ext. ID);8;cyclic;250;BCM_NBM;- ADC.ZF.ADCU..24..VDB: Transmission rate may differ: ADCU VDB: 1000/On change;J1939DA;2626;OEL - Operators External Light Controls Message;0;No;No;No;No;250;250;100;Yes;0;0;cyclic;87;No;J1939PG
OWW_21;0x18FDCD21;J1939 PG (ext. ID);8;cyclic;1000;BCM_NBM;;J1939DA;2634;OWW_21 - Operator Wiper and Washer Controls Message;0;No;No;No;No;1000;1000;100;Yes;0;0;cyclic;106;No;J1939PG
PB_ACU;0x1CFF07E7;J1939 PG (ext. ID);8;cyclic;100;ACU;- 18m only....;Iveco Proprietary;12749;PB_ACU - Articulation;0;No;No;No;No;100;100;50;Yes;0;0;cyclic;2;No;J1939PG
PB_ACU_E7;0x18FF07E7;J1939 PG (ext. ID);8;cyclic;100;ACU;- 18m only. Requested in Priority 6 (0x18). 19.07.2024;Iveco Proprietary;12740;PB_ACU_E7 - Articulation;0;No;No;No;No;100;100;50;Yes;0;0;cyclic;0;No;J1939PG
PB_AIDI_9E;0x18FFEA9E;J1939 PG (ext. ID);8;cyclic;200;ADCU;- Bus load periodic : 0.13;Iveco Proprietary;627;PB_AIDI_9E - Proprietary B - Alcohol Interlock and Driver Information;0;No;No;No;No;200;200;100;Yes;0;0;cyclic;12;No;J1939PG
PB_E2E_HVESSHIST1_F3;0x19FF31F3;J1939 PG (ext. ID);8;cyclic;1500;MBMS;;Iveco Proprietary;21475;PB_E2E_HVESSHIST1_F3 - Proprietary B - High Voltage Energy Storage System History 1;0;No;No;No;No;1500;1500;750;Yes;0;0;cyclic;24;No;J1939PG
PB_GSRC_17;0x18FFE517;J1939 PG (ext. ID);8;cyclic;100;IC_Multic;;Iveco Proprietary;4018;PB_GSRC_17 - Proprietary B - GSR Content;0;No;No;No;No;100;100;50;Yes;0;0;cyclic;58;No;J1939PG
PB_HVESSD1_F3;0x19FF30F3;J1939 PG (ext. ID);8;cyclic;250;MBMS;;Iveco Proprietary;21372;PB_HVESSD1_F3 - Proprietary B - High Voltage Energy Storage System Data 1;0;No;No;No;No;250;250;125;Yes;0;0;cyclic;0;No;J1939PG
PB_HVESSHIST_F3;0x1DFF3DF3;J1939 PG (ext. ID);11;cyclic;1500;MBMS;- Specific to Siemens Full Elec vehicles - Predispo for PCM....;Iveco Bus Proprietary;13900;PB_HVESSHIST_F3 - Proprietary B - Historical data for High Voltage Energy Storage System;0;No;No;No;No;1500;1500;500;Yes;0;0;cyclic;22;No;J1939PG
PB_ISA_17;0x18FFB517;J1939 PG (ext. ID);8;cyclic;1000;IC_Multic;;Iveco Proprietary;2812;PB_ISA_17 - Proprietary B - Intelligent Speed Assistant;0;No;No;No;No;1000;1000;100;Yes;0;0;cyclic;115;No;J1939PG
PB_ISA_9E;0x18FFB59E;J1939 PG (ext. ID);8;cyclic;1000;ADCU;;Iveco Proprietary;2802;PB_ISA_9E - Proprietary B - Intelligent Speed Assistant;0;No;No;No;No;1000;1000;100;Yes;0;0;cyclic;22;No;J1939PG
PB_NmM;0xCFFD221;J1939 PG (ext. ID);8;cyclic;1000;BCM_NBM;- Transmission Rate [ms] can be: 50 / 1000 / OnChange...;Iveco SPR1 Proprietary;10485;PB_NmM - Proprietary B - Iveco Network Management (Master Node);0;No;No;No;No;1000;1000;500;Yes;0;0;cyclic;37;No;J1939PG
PB_SecureLog_1D;0x18FFAC1D;J1939 PG (ext. ID);8;noMsgSendType;0;SGW;- Sent 10 times each 2 seconds. SGW will stop the transmission when PB_SecureLog_4A is received;Iveco Proprietary;2511;PB_SecureLog_1D - Proprietary B - Secure Log;0;No;No;No;No;0;0;50;Yes;0;0;noMsgSendType;0;No;J1939PG
PB_SecureLog_4A;0x18FFAC4A;J1939 PG (ext. ID);8;noMsgSendType;0;PCM;;Iveco Proprietary;2516;PB_SecureLog_4A - Proprietary B - Secure Log;0;No;No;No;No;0;0;50;Yes;0;0;noMsgSendType;0;No;J1939PG
PB_SpeedLimRelCond_1C;0x18FF8F1C;J1939 PG (ext. ID);8;cyclic;1000;PCM;- Fonction ISA (ADCU requested);Iveco Proprietary;12990;PB_SpeedLimRelCond_1C - Proprietary B - Speed Limit Related Condition;0;No;No;No;No;1000;1000;500;Yes;0;0;cyclic;164;No;J1939PG
PB_TCO2;0x18FFC3EE;J1939 PG (ext. ID);21;cyclic;60000;DTCO;- Multipacket message handled by SAE Transport Protocol (J1939/21, par 5.10, Multipacket Broadcast with TP.CM/BAM, TP.DT)...;Continental Proprietary;745;PB_TCO2 - TCO2 (Continental Proprietary);0;No;No;No;No;60000;60000;1000;Yes;0;0;cyclic;55;No;J1939PG
PB_TCO3;0x18FFC4EE;J1939 PG (ext. ID);8;cyclic;10000;DTCO;- TbC;Continental Proprietary;752;PB_TCO3 - TCO3 (Continental Proprietary);0;No;No;No;No;10000;10000;5000;Yes;0;0;cyclic;49;No;J1939PG
PB_TCO4;0x18FFC7EE;J1939 PG (ext. ID);44;cyclic;60000;DTCO;- Update filled in acc with DTCO4.1 (New file). TBC.;Continental Proprietary;759;PB_TCO4 - Tachograph 4;0;No;No;No;No;60000;60000;1000;Yes;0;0;cyclic;57;No;J1939PG
PB_Telemetry01;0x1DFF9100;J1939 PG (ext. ID);8;cyclic;5000;MD1_ECM;- Telemetry purpose. NEF CNG only;Iveco Proprietary;17420;PB_Telemetry01 - Proprietary B - Telemetry 01;0;No;No;No;No;5000;5000;2500;Yes;0;0;cyclic;72;No;J1939PG
PB_Telemetry02;0x1DFF9200;J1939 PG (ext. ID);8;cyclic;5000;MD1_ECM;- Telemetry purpose. NEF CNG only;Iveco Proprietary;17429;PB_Telemetry02 - Proprietary B - Telemetry 02;0;No;No;No;No;5000;5000;2500;Yes;0;0;cyclic;73;No;J1939PG
PB_Telemetry14;0x1DFF7E00;J1939 PG (ext. ID);8;cyclic;500;MD1_ECM;- Telemetry purpose. NEF CNG only;Iveco Proprietary;17438;PB_Telemetry14 - Proprietary B - Telemetry 14;0;No;No;No;No;500;500;250;Yes;0;0;cyclic;31;No;J1939PG
PB_Telemetry15;0x1DFF7F00;J1939 PG (ext. ID);8;cyclic;500;MD1_ECM;- Telemetry purpose. NEF CNG only;Iveco Proprietary;17444;PB_Telemetry15 - Proprietary B - Telemetry 15;0;No;No;No;No;500;500;250;Yes;0;0;cyclic;32;No;J1939PG
PB_Telemetry16;0x1DFF8000;J1939 PG (ext. ID);8;cyclic;500;MD1_ECM;- Telemetry purpose. NEF CNG only;Iveco Proprietary;17452;PB_Telemetry16 - Proprietary B - Telemetry 16;0;No;No;No;No;500;500;250;Yes;0;0;cyclic;33;No;J1939PG
PB_Telemetry17;0x1DFF8100;J1939 PG (ext. ID);8;cyclic;500;MD1_ECM;- Telemetry purpose. NEF CNG only;Iveco Proprietary;17459;PB_Telemetry17 - Proprietary B - Telemetry 17;0;No;No;No;No;500;500;250;Yes;0;0;cyclic;34;No;J1939PG
PB_Telemetry18;0x1DFF8200;J1939 PG (ext. ID);8;cyclic;500;MD1_ECM;- Telemetry purpose. NEF CNG only;Iveco Proprietary;17464;PB_Telemetry18 - Proprietary B - Telemetry 18;0;No;No;No;No;500;500;250;Yes;0;0;cyclic;35;No;J1939PG
PB_Telemetry19;0x1DFF8300;J1939 PG (ext. ID);8;cyclic;500;MD1_ECM;- Telemetry purpose. NEF CNG only;Iveco Proprietary;17469;PB_Telemetry19 - Proprietary B - Telemetry 19;0;No;No;No;No;500;500;250;Yes;0;0;cyclic;36;No;J1939PG
PB_Telemetry20;0x1DFF8400;J1939 PG (ext. ID);8;cyclic;500;MD1_ECM;- Telemetry purpose. NEF CNG only;Iveco Proprietary;17474;PB_Telemetry20 - Proprietary B - Telemetry 20;0;No;No;No;No;500;500;250;Yes;0;0;cyclic;37;No;J1939PG
PB_Telemetry21;0x1DFF8500;J1939 PG (ext. ID);8;cyclic;500;MD1_ECM;- Telemetry purpose. NEF CNG only;Iveco Proprietary;17479;PB_Telemetry21 - Proprietary B - Telemetry 21;0;No;No;No;No;500;500;250;Yes;0;0;cyclic;38;No;J1939PG
PB_Telemetry22;0x1DFF8600;J1939 PG (ext. ID);8;cyclic;500;MD1_ECM;- Telemetry purpose. NEF CNG only;Iveco Proprietary;17483;PB_Telemetry22 - Proprietary B - Telemetry 22;0;No;No;No;No;500;500;250;Yes;0;0;cyclic;39;No;J1939PG
PB_Telemetry23;0x1DFF8700;J1939 PG (ext. ID);8;cyclic;500;MD1_ECM;- Telemetry purpose. NEF CNG only;Iveco Proprietary;17488;PB_Telemetry23 - Proprietary B - Telemetry 23;0;No;No;No;No;500;500;250;Yes;0;0;cyclic;41;No;J1939PG
PB_TPMS1;0x18FFE633;J1939 PG (ext. ID);8;cyclic;200;TPMS;;Sensata Technologies Proprietary;3247;PB_TPMS1 - High Line Message (Sensata Technologies Proprietary);0;No;No;No;No;200;200;100;Yes;0;0;cyclic;0;No;J1939PG
PB_VDO1;0x18FF48EE;J1939 PG (ext. ID);32;cyclic;60000;DTCO;- PGN=0xFF00 (65280) as Conti default, 0xFF48 (65352) applied by Iveco....;Continental Proprietary;13123;PB_VDO1 - VDO1 (Continental Proprietary);0;No;No;No;No;60000;60000;30000;Yes;0;0;cyclic;51;No;J1939PG
PB_VDO1ex;0x18FF49EE;J1939 PG (ext. ID);16;cyclic;60000;DTCO;- PGN=0xFF01 (65281) as Conti default, 0xFF49 (65353) applied by Iveco...;Continental Proprietary;13146;PB_VDO1ex - VDO1 Extended (Continental Proprietary);0;No;No;No;No;60000;60000;30000;Yes;0;0;cyclic;52;No;J1939PG
PB_VDO2;0x18FF4AEE;J1939 PG (ext. ID);32;cyclic;60000;DTCO;- PGN=0xFF02 (65282) as Conti default, 0xFF4A (65354) applied by Iveco...;Continental Proprietary;780;PB_VDO2 - VDO2 (Continental Proprietary);0;No;No;No;No;60000;60000;30000;Yes;0;0;cyclic;53;No;J1939PG
PB_VRUP_17;0x18FFAB17;J1939 PG (ext. ID);8;cyclic;1000;IC_Multic;;Iveco Proprietary;2884;PB_VRUP_17 - Proprietary B - Vulnerable Road User Protection;0;No;No;No;No;1000;100;50;Yes;0;0;cyclic;52;No;J1939PG
PB_VRUP_9E;0x18FFAB9E;J1939 PG (ext. ID);8;cyclic;1000;ADCU;- IC1.A.IC..25..MCS: routed from ADCU;Iveco Proprietary;2866;PB_VRUP_9E - Proprietary B - Vulnerable Road User Protection;0;No;No;No;No;1000;1000;100;Yes;0;0;cyclic;19;No;J1939PG
PH_05;0x18FFFF05;J1939 PG (ext. ID);3;noMsgSendType;0;NODE_5;;J1939-21;100074;PH_05_FF;0;No;No;No;No;0;0;1;Yes;0;0;noMsgSendType;0;No;J1939PG
PH_1A;0x18FFFF1A;J1939 PG (ext. ID);3;noMsgSendType;0;THERMOKING_D;;J1939-21;100080;PH_1A_FF;0;No;No;No;No;0;0;1;Yes;0;0;noMsgSendType;0;No;J1939PG
PH_25;0x18FFFF25;J1939 PG (ext. ID);3;noMsgSendType;0;FMS;;J1939-21;100082;PH_25_FF;0;No;No;No;No;0;0;1;Yes;0;0;noMsgSendType;0;No;J1939PG
PH_31;0x18FFFF31;J1939 PG (ext. ID);3;noMsgSendType;0;NODE_31;;J1939-21;100076;PH_31_FF;0;No;No;No;No;0;0;1;Yes;0;0;noMsgSendType;0;No;J1939PG
PH_60;0x18FFFF60;J1939 PG (ext. ID);3;noMsgSendType;0;MULTIC_S;;J1939-21;100084;PH_60_FF;0;No;No;No;No;0;0;1;Yes;0;0;noMsgSendType;0;No;J1939PG
PH_62;0x18FFFF62;J1939 PG (ext. ID);3;noMsgSendType;0;MULTIC_2;;J1939-21;100086;PH_62_FF;0;No;No;No;No;0;0;1;Yes;0;0;noMsgSendType;0;No;J1939PG
PH_75;0x18FFFF75;J1939 PG (ext. ID);3;noMsgSendType;0;FMReceiver;;J1939-21;100078;PH_75_FF;0;No;No;No;No;0;0;1;Yes;0;0;noMsgSendType;0;No;J1939PG
PH_86;0x18FFFF86;J1939 PG (ext. ID);3;noMsgSendType;0;BMS4;;J1939-21;100088;PH_86_FF;0;No;No;No;No;0;0;1;Yes;0;0;noMsgSendType;0;No;J1939PG
PH_87;0x18FFFF87;J1939 PG (ext. ID);3;noMsgSendType;0;BMS5;;J1939-21;100090;PH_87_FF;0;No;No;No;No;0;0;1;Yes;0;0;noMsgSendType;0;No;J1939PG
PH_88;0x18FFFF88;J1939 PG (ext. ID);3;noMsgSendType;0;BMS6;;J1939-21;100092;PH_88_FF;0;No;No;No;No;0;0;1;Yes;0;0;noMsgSendType;0;No;J1939PG
PH_89;0x18FFFF89;J1939 PG (ext. ID);3;noMsgSendType;0;BMS7;;J1939-21;100094;PH_89_FF;0;No;No;No;No;0;0;1;Yes;0;0;noMsgSendType;0;No;J1939PG
PH_8A;0x18FFFF8A;J1939 PG (ext. ID);3;noMsgSendType;0;BMS8;;J1939-21;100096;PH_8A_FF;0;No;No;No;No;0;0;1;Yes;0;0;noMsgSendType;0;No;J1939PG
PH_8B;0x18FFFF8B;J1939 PG (ext. ID);3;noMsgSendType;0;BMS9;;J1939-21;100098;PH_8B_FF;0;No;No;No;No;0;0;1;Yes;0;0;noMsgSendType;0;No;J1939PG
PH_8C;0x18FFFF8C;J1939 PG (ext. ID);3;noMsgSendType;0;BMS10;;J1939-21;100100;PH_8C_FF;0;No;No;No;No;0;0;1;Yes;0;0;noMsgSendType;0;No;J1939PG
PH_8D;0x18FFFF8D;J1939 PG (ext. ID);3;noMsgSendType;0;BMS11;;J1939-21;100102;PH_8D_FF;0;No;No;No;No;0;0;1;Yes;0;0;noMsgSendType;0;No;J1939PG
RESET_17_EE;0x1CDEEE17;J1939 PG (ext. ID);8;cyclic;1000;IC_Multic;- Repetition rate: 1000 ms on request (ms). Timeout (ms): 1000 ms....;J1939DA;4449;RESET_17_EE - Reset;0;No;No;No;No;1000;1000;500;Yes;0;0;cyclic;121;No;J1939PG
RF;0x18FEFB10;J1939 PG (ext. ID);8;cyclic;1000;RM_IRCS;;J1939DA;651;RF - Retarder fluids;0;No;No;No;No;1000;1000;500;Yes;0;0;cyclic;37;No;J1939PG
RQST_03;0x18EAFF03;J1939 PG (ext. ID);3;noMsgSendType;0;ETC;- Any Source Address and ECU specific or Global Destination Addresses shall be accepted (CNHI Std. 18-2253)....;J1939 broadcast;11044;RQST_03 - Request;0;No;No;No;No;0;0;1;Yes;0;0;noMsgSendType;0;No;J1939PG
RQST_4A_00;0x18EA004A;J1939 PG (ext. ID);3;noMsgSendType;0;PCM;;J1939-21;100000;RQST_4A_00 - Request;0;No;No;No;No;0;0;1;Yes;0;0;noMsgSendType;0;No;J1939PG
RQST_4A_03;0x18EA034A;J1939 PG (ext. ID);3;noMsgSendType;0;PCM;;J1939-21;100006;RQST_4A_03 - Request;0;No;No;No;No;0;0;1;Yes;0;0;noMsgSendType;0;No;J1939PG
RQST_4A_0B;0x18EA0B4A;J1939 PG (ext. ID);3;noMsgSendType;0;PCM;;J1939-21;100008;RQST_4A_0B - Request;0;No;No;No;No;0;0;1;Yes;0;0;noMsgSendType;0;No;J1939PG
RQST_4A_0F;0x18EA0F4A;J1939 PG (ext. ID);3;noMsgSendType;0;PCM;;J1939-21;100064;RQST_4A_0F - Request;0;No;No;No;No;0;0;1;Yes;0;0;noMsgSendType;0;No;J1939PG
RQST_4A_10;0x18EA104A;J1939 PG (ext. ID);3;noMsgSendType;0;PCM;;J1939-21;100038;RQST_4A_10 - Request;0;No;No;No;No;0;0;1;Yes;0;0;noMsgSendType;0;No;J1939PG
RQST_4A_17;0x18EA174A;J1939 PG (ext. ID);3;noMsgSendType;0;PCM;;J1939-21;100004;RQST_4A_17 - Request;0;No;No;No;No;0;0;1;Yes;0;0;noMsgSendType;0;No;J1939PG
RQST_4A_19;0x18EA194A;J1939 PG (ext. ID);3;noMsgSendType;0;PCM;;J1939-21;100054;RQST_4A_19 - Request;0;No;No;No;No;0;0;1;Yes;0;0;noMsgSendType;0;No;J1939PG
RQST_4A_1D;0x18EA1D4A;J1939 PG (ext. ID);3;noMsgSendType;0;PCM;;J1939-21;100010;RQST_4A_1D - Request;0;No;No;No;No;0;0;1;Yes;0;0;noMsgSendType;0;No;J1939PG
RQST_4A_21;0x18EA214A;J1939 PG (ext. ID);3;noMsgSendType;0;PCM;;J1939-21;100020;RQST_4A_21 - Request;0;No;No;No;No;0;0;1;Yes;0;0;noMsgSendType;0;No;J1939PG
RQST_4A_27;0x18EA274A;J1939 PG (ext. ID);3;noMsgSendType;0;PCM;;J1939-21;100002;RQST_4A_27 - Request;0;No;No;No;No;0;0;1;Yes;0;0;noMsgSendType;0;No;J1939PG
RQST_4A_2E;0x18EA2E4A;J1939 PG (ext. ID);3;noMsgSendType;0;PCM;;J1939-21;100040;RQST_4A_2E - Request;0;No;No;No;No;0;0;1;Yes;0;0;noMsgSendType;0;No;J1939PG
RQST_4A_2F;0x18EA2F4A;J1939 PG (ext. ID);3;noMsgSendType;0;PCM;;J1939-21;100026;RQST_4A_2F - Request;0;No;No;No;No;0;0;1;Yes;0;0;noMsgSendType;0;No;J1939PG
RQST_4A_33;0x18EA334A;J1939 PG (ext. ID);3;noMsgSendType;0;PCM;- CUC.C.PCM..3..TELEM: Filled in acordind with TPMS request;J1939 broadcast;11096;RQST_4A_33 - Request;0;No;No;No;No;0;0;1;Yes;0;0;noMsgSendType;0;No;J1939PG
RQST_4A_38;0x18EA384A;J1939 PG (ext. ID);3;noMsgSendType;0;PCM;;J1939-21;100012;RQST_4A_38 - Request;0;No;No;No;No;0;0;1;Yes;0;0;noMsgSendType;0;No;J1939PG
RQST_4A_3A;0x18EA3A4A;J1939 PG (ext. ID);3;noMsgSendType;0;PCM;;J1939-21;100056;RQST_4A_3A - Request;0;No;No;No;No;0;0;1;Yes;0;0;noMsgSendType;0;No;J1939PG
RQST_4A_40;0x18EA404A;J1939 PG (ext. ID);3;noMsgSendType;0;PCM;;J1939-21;100028;RQST_4A_40 - Request;0;No;No;No;No;0;0;1;Yes;0;0;noMsgSendType;0;No;J1939PG
RQST_4A_45;0x18EA454A;J1939 PG (ext. ID);3;noMsgSendType;0;PCM;;J1939-21;100060;RQST_4A_45 - Request;0;No;No;No;No;0;0;1;Yes;0;0;noMsgSendType;0;No;J1939PG
RQST_4A_49;0x18EA494A;J1939 PG (ext. ID);3;noMsgSendType;0;PCM;;J1939-21;100036;RQST_4A_49 - Request;0;No;No;No;No;0;0;1;Yes;0;0;noMsgSendType;0;No;J1939PG
RQST_4A_5A;0x18EA5A4A;J1939 PG (ext. ID);3;noMsgSendType;0;PCM;;J1939-21;100024;RQST_4A_5A - Request;0;No;No;No;No;0;0;1;Yes;0;0;noMsgSendType;0;No;J1939PG
RQST_4A_5E;0x18EA5E4A;J1939 PG (ext. ID);3;noMsgSendType;0;PCM;;J1939-21;100022;RQST_4A_5E - Request;0;No;No;No;No;0;0;1;Yes;0;0;noMsgSendType;0;No;J1939PG
RQST_4A_71;0x18EA714A;J1939 PG (ext. ID);3;noMsgSendType;0;PCM;;J1939-21;100070;RQST_4A_71 - Request;0;No;No;No;No;0;0;1;Yes;0;0;noMsgSendType;0;No;J1939PG
RQST_4A_72;0x18EA724A;J1939 PG (ext. ID);3;noMsgSendType;0;PCM;;J1939-21;100062;RQST_4A_72 - Request;0;No;No;No;No;0;0;1;Yes;0;0;noMsgSendType;0;No;J1939PG
RQST_4A_7E;0x18EA7E4A;J1939 PG (ext. ID);3;noMsgSendType;0;PCM;;J1939-21;100014;RQST_4A_7E - Request;0;No;No;No;No;0;0;1;Yes;0;0;noMsgSendType;0;No;J1939PG
RQST_4A_80;0x18EA804A;J1939 PG (ext. ID);3;noMsgSendType;0;PCM;;J1939-21;100058;RQST_4A_80 - Request;0;No;No;No;No;0;0;1;Yes;0;0;noMsgSendType;0;No;J1939PG
RQST_4A_90;0x18EA904A;J1939 PG (ext. ID);3;noMsgSendType;0;PCM;;J1939-21;100042;RQST_4A_90 - Request;0;No;No;No;No;0;0;1;Yes;0;0;noMsgSendType;0;No;J1939PG
RQST_4A_91;0x18EA914A;J1939 PG (ext. ID);3;noMsgSendType;0;PCM;;J1939-21;100044;RQST_4A_91 - Request;0;No;No;No;No;0;0;1;Yes;0;0;noMsgSendType;0;No;J1939PG
RQST_4A_92;0x18EA924A;J1939 PG (ext. ID);3;noMsgSendType;0;PCM;;J1939-21;100046;RQST_4A_92 - Request;0;No;No;No;No;0;0;1;Yes;0;0;noMsgSendType;0;No;J1939PG
RQST_4A_9C;0x18EA9C4A;J1939 PG (ext. ID);3;noMsgSendType;0;PCM;;J1939-21;100048;RQST_4A_9C - Request;0;No;No;No;No;0;0;1;Yes;0;0;noMsgSendType;0;No;J1939PG
RQST_4A_9E;0x18EA9E4A;J1939 PG (ext. ID);3;noMsgSendType;0;PCM;;J1939-21;100016;RQST_4A_9E - Request;0;No;No;No;No;0;0;1;Yes;0;0;noMsgSendType;0;No;J1939PG
RQST_4A_A0;0x18EAA04A;J1939 PG (ext. ID);3;noMsgSendType;0;PCM;;J1939-21;100018;RQST_4A_A0 - Request;0;No;No;No;No;0;0;1;Yes;0;0;noMsgSendType;0;No;J1939PG
RQST_4A_E7;0x18EAE74A;J1939 PG (ext. ID);3;noMsgSendType;0;PCM;;J1939-21;100068;RQST_4A_E7 - Request;0;No;No;No;No;0;0;1;Yes;0;0;noMsgSendType;0;No;J1939PG
RQST_4A_E8;0x18EAE84A;J1939 PG (ext. ID);3;noMsgSendType;0;PCM;;J1939-21;100050;RQST_4A_E8 - Request;0;No;No;No;No;0;0;1;Yes;0;0;noMsgSendType;0;No;J1939PG
RQST_4A_EE;0x18EAEE4A;J1939 PG (ext. ID);3;noMsgSendType;0;PCM;- Any Source Address and ECU specific or Global Destination Addresses shall be accepted (CNHI Std. 18-2253)...;J1939 broadcast;13165;RQST_4A_EE - Request;0;No;No;No;No;0;0;1;Yes;0;0;noMsgSendType;0;No;J1939PG
RQST_4A_EF;0x18EAEF4A;J1939 PG (ext. ID);3;noMsgSendType;0;PCM;;J1939-21;100066;RQST_4A_EF - Request;0;No;No;No;No;0;0;1;Yes;0;0;noMsgSendType;0;No;J1939PG
RQST_4A_F0;0x18EAF04A;J1939 PG (ext. ID);3;noMsgSendType;0;PCM;;J1939-21;100052;RQST_4A_F0 - Request;0;No;No;No;No;0;0;1;Yes;0;0;noMsgSendType;0;No;J1939PG
RQST_4A_F3;0x18EAF34A;J1939 PG (ext. ID);3;noMsgSendType;0;PCM;;J1939-21;100034;RQST_4A_F3 - Request;0;No;No;No;No;0;0;1;Yes;0;0;noMsgSendType;0;No;J1939PG
RQST_4A_F6;0x18EAF64A;J1939 PG (ext. ID);3;noMsgSendType;0;PCM;;J1939-21;100032;RQST_4A_F6 - Request;0;No;No;No;No;0;0;1;Yes;0;0;noMsgSendType;0;No;J1939PG
RQST_4A_F7;0x18EAF74A;J1939 PG (ext. ID);3;noMsgSendType;0;PCM;;J1939-21;100030;RQST_4A_F7 - Request;0;No;No;No;No;0;0;1;Yes;0;0;noMsgSendType;0;No;J1939PG
RQST_4A_FF;0x18EAFF4A;J1939 PG (ext. ID);3;noMsgSendType;0;PCM;;J1939-21;100072;RQST_4A_FF - Request;0;No;No;No;No;0;0;1;Yes;0;0;noMsgSendType;0;No;J1939PG
SCU2CAMU;0x18FF0E80;J1939 PG (ext. ID);8;cyclic;200;VCU;- Now 100ms, previously 1000ms, 100ms on change...;Iveco Proprietary;3318;SCU2CAMU - VCU2CAMU;0;No;No;No;No;200;200;100;Yes;0;0;cyclic;24;No;J1939PG
SOFT_1D;0x18FEDA1D;J1939 PG (ext. ID);202;noMsgSendType;0;SGW;- Multipacket message handled by SAE Transport Protocol (J1939/21, par 5.10, Multipacket Broadcast with TP.CM/BAM, TP.DT)...;J1939 broadcast;10443;SOFT_1D - Software Identification;0;No;No;No;No;0;0;1;Yes;0;0;noMsgSendType;0;Yes;J1939PG
SOFT_5E;0x18FEDA5E;J1939 PG (ext. ID);202;noMsgSendType;0;AI_CAID;;J1939 broadcast;10433;SOFT_5E - Software Identification;0;No;No;No;No;0;0;1;Yes;0;0;noMsgSendType;0;Yes;J1939PG
SOH;0x18FF50F3;J1939 PG (ext. ID);8;cyclic;5000;MBMS;- OVG.Mtx.FMS.4.24.Generic.FMSi: predisposal. Full Elec only;Iveco Bus Proprietary;2909;SOH - Branches State of Health;0;No;No;No;No;5000;5000;2500;Yes;0;0;cyclic;44;No;J1939PG
SOH2;0x18FF51F3;J1939 PG (ext. ID);8;cyclic;5000;MBMS;- Predisposal for ZEN35 battery pack. Full Elec only;Iveco Bus Proprietary;2921;SOH2 - Branches State of Health;0;No;No;No;No;5000;5000;2500;Yes;0;0;cyclic;50;No;J1939PG
StTU1;0x18FF8AEF;J1939 PG (ext. ID);8;cyclic;500;ELFA3;- Specific to Siemens Full Elec vehicles. PCM Fill (in yellow) in acoording with VCU file.;Iveco Proprietary;1458;StTU1 - StatusTracUnit1;0;No;No;No;No;500;500;250;Yes;0;0;cyclic;11;No;J1939PG
Swi2Bc;0xC012171;J1939 PG (ext. ID);8;cyclic;50;NODE_71;- Exception - Should be J1939 p2p...;Iveco SPR2 Proprietary;3732;Swi2Bc - Steering Wheel Interface to Body Computer;0;No;No;No;No;50;50;25;Yes;0;0;cyclic;6;No;J1939PG
TCO1;0xCFE6CEE;J1939 PG (ext. ID);8;cyclic;50;DTCO;- If without Tacho then Multic S is Tx. else MulticS is Rx....;J1939DA;655;TCO1 - Tachograph;0;No;No;No;No;50;50;25;Yes;0;0;cyclic;6;No;J1939PG
TD;0x18FEE6EE;J1939 PG (ext. ID);8;cyclic;1000;DTCO;- MulticS/MulticII: Is sender ''Tx'' if P_TCO=0...;J1939DA;694;TD - Time/Date;0;No;No;No;No;1000;1000;500;Yes;0;0;cyclic;30;No;J1939PG
Telemat_1;0x18FF1645;J1939 PG (ext. ID);8;cyclic;1000;NODE_45;;Iveco Bus Proprietary;1783;Telemat_1 - Telemat message 1;0;No;No;No;No;1000;1000;500;Yes;0;0;cyclic;148;No;J1939PG
Telemat_2;0x18FF2645;CAN Extended;8;cyclic;1000;NODE_45;- Full Elec only.;Wabco Proprietary;1847;Telemat_2 - Telemat message 2;0;No;No;No;No;1000;1000;500;Yes;0;0;cyclic;167;No;ExtendedCAN
Telemat_3;0x18FF5645;J1939 PG (ext. ID);8;cyclic;1000;NODE_45;;Iveco Bus Proprietary;1860;Telemat_3 - Telemat message 3;0;No;No;No;No;1000;1000;500;Yes;0;0;cyclic;176;No;J1939PG
Telemat_4;0x18FF1745;J1939 PG (ext. ID);8;cyclic;1000;NODE_45;;Iveco Bus Proprietary;1885;Telemat_4 - Telemat message 4;0;No;No;No;No;1000;1000;500;Yes;0;0;cyclic;154;No;J1939PG
ThermComf2BC;0x18FFE419;J1939 PG (ext. ID);8;cyclic;1000;THERMOKING_M;- *Not yet confirmed Heat Pump for CW FE. Today is used ECU Clima (like in Thermal engines)....;Iveco Proprietary;10923;ThermComf2BC - Thermal Comfort To Body Controller;0;No;No;No;No;1000;1000;500;Yes;0;0;cyclic;0;No;J1939PG
TRF1;0x18FEF803;J1939 PG (ext. ID);8;cyclic;1000;ETC;;J1939DA;630;TRF1 - Transmission Fluids 1;0;No;No;No;No;1000;1000;500;Yes;0;0;cyclic;34;No;J1939PG
TripEnergy;0x18FF0E17;J1939 PG (ext. ID);8;cyclic;1000;IC_Multic;- Full Elec only. Message FMS14, same ID, moved here.;Iveco Proprietary;1901;TripEnergy - Trip Energy;0;No;No;No;No;1000;1000;500;Yes;0;0;cyclic;101;No;J1939PG
TripEnergy2;0x18FF1E45;J1939 PG (ext. ID);8;cyclic;1000;NODE_45;- Full Elec only / Predisposal;Iveco Bus Proprietary;1923;TripEnergy2 - Trip Energy2 (Old Telematic_10);0;No;No;No;No;1000;1000;500;Yes;0;0;cyclic;107;No;J1939PG
TTS;0x18FD7D17;J1939 PG (ext. ID);8;cyclic;1000;IC_Multic;;FMS;3201;TTS - Telltale Status FMS1;0;No;No;No;No;1000;1000;100;Yes;0;0;cyclic;66;No;J1939PG
V_TO_CAID2;0x18FF8C4A;J1939 PG (ext. ID);8;cyclic;1000;PCM;- The telematics ECU will send 5 requests each 1 second if the CAID doesn’t send the data. After that the telematics ECU will generate an error if the CAID didn’t send the data. At least 2 events must be present in the deferred data in order to consider that it is valid.;Iveco Proprietary;1328;V_TO_CAID2 - Proprietary B - Vehicle to CAID2 message ;0;No;No;No;No;1000;1000;500;Yes;0;0;cyclic;162;No;J1939PG
VCU2MUX_FC;0x18FF7180;J1939 PG (ext. ID);8;cyclic;100;VCU;;Iveco Bus Proprietary;18903;VCU2MUX_FC - VCU2MUX_FuelCell;0;No;No;No;No;100;100;50;Yes;0;0;cyclic;22;No;J1939PG
VCU2MUX_HMU;0x18FF7280;J1939 PG (ext. ID);8;cyclic;1000;VCU;;Iveco Bus Proprietary;18936;VCU2MUX_HMU - VCU2MUX_HMU;0;No;No;No;No;1000;1000;500;Yes;0;0;cyclic;48;No;J1939PG
VCU2MUX_HMU2;0x18FF7380;J1939 PG (ext. ID);8;cyclic;1000;VCU;;Iveco Bus Proprietary;18943;VCU2MUX_HMU#2 - VCU2MUX_HMU#2;0;No;No;No;No;1000;1000;500;Yes;0;0;cyclic;49;No;J1939PG
VCU2MUX_HMU3;0x18FF7580;J1939 PG (ext. ID);8;cyclic;1000;VCU;;Iveco Bus Proprietary;18963;VCU2MUX_HMU#3 - VCU2MUX_HMU#3;0;No;No;No;No;1000;1000;500;Yes;0;0;cyclic;51;No;J1939PG
VDC1;0x18FE4F0B;J1939 PG (ext. ID);8;cyclic;100;BSM_EBS;- Optionnal, only if ESP installed.;J1939DA;345;VDC1 - Vehicle Dynamic Stability Control 1;0;No;No;No;No;100;100;50;Yes;0;0;cyclic;37;No;J1939PG
VDC2;0x18F0090B;J1939 PG (ext. ID);8;cyclic;20;BSM_EBS;- Optionnal, only if ESP installed Transmitted only if EoL enable_ebc2==1;J1939DA;354;VDC2 - Vehicle Dynamic Stability Control 2;0;No;No;No;No;20;20;10;Yes;0;0;cyclic;10;No;J1939PG
VDHR;0x18FEC1EE;J1939 PG (ext. ID);8;cyclic;1000;DTCO;- If without Tacho then Multic S is Tx. else MulticS is Rx....;J1939DA;673;VDHR - High Resolution Vehicle Distance;0;No;No;No;No;1000;1000;500;Yes;0;0;cyclic;14;No;J1939PG
VDS_EE;0x18FEE8EE;J1939 PG (ext. ID);8;cyclic;1000;DTCO;;J1939DA;3455;VDS_EE - Vehicle Direction/Speed;0;No;No;No;No;1000;1000;500;Yes;0;0;cyclic;34;No;J1939PG
VEP1_00;0x18FEF700;J1939 PG (ext. ID);8;cyclic;1000;MD1_ECM;- Note: on MF4 (CNG) applications this message is not present;J1939DA;2205;VEP1_00 - Vehicle Electrical Power 1;0;No;No;No;No;1000;1000;500;Yes;0;0;cyclic;46;No;J1939PG
VEP1_F3;0x18FEF7F3;J1939 PG (ext. ID);8;cyclic;100;MBMS;;J1939DA;2211;VEP1_F3 - Vehicle Electrical Power 1;0;No;No;No;No;100;100;100;Yes;0;0;cyclic;70;No;J1939PG
VEP3_F3;0x18FE52F3;J1939 PG (ext. ID);8;cyclic;100;MBMS;;J1939DA;2217;VEP3_F3 - Vehicle Electrical Power 3;0;No;No;No;No;100;100;100;Yes;0;0;cyclic;52;No;J1939PG
VEP5_F3;0x18FCB6F3;J1939 PG (ext. ID);8;cyclic;1000;MBMS;;J1939DA;2586;VEP5_F3 - Vehicle Electrical Power 5;0;No;No;No;No;1000;1000;500;Yes;0;0;cyclic;96;No;J1939PG
VI_EE;0x18FEECEE;J1939 PG (ext. ID);18;cyclic;10000;DTCO;-  2 Message Variant(s): Transm.Rates 10000, OnRequest...;J1939DA;743;VI_EE - Vehicle Identification;0;No;No;No;No;10000;10000;5000;Yes;0;0;cyclic;46;No;J1939PG
VP1_1C;0x18FEF31C;J1939 PG (ext. ID);8;cyclic;1000;PCM;;J1939DA;3460;VP1_1C - Vehicle Position 1;0;No;No;No;No;1000;1000;500;Yes;0;0;cyclic;158;No;J1939PG
VP1_EE;0x18FEF3EE;J1939 PG (ext. ID);8;cyclic;1000;DTCO;- BPM.M.MBMS....VDB: Requested after LOG P62;J1939DA;3463;VP1_EE - Vehicle Position 1;0;No;No;No;No;1000;1000;500;Yes;0;0;cyclic;38;No;J1939PG
VP_FC;0x18FEF3FC;J1939 PG (ext. ID);8;cyclic;5000;NODE_FC;- TCO.C.DTCO..12..V: SA=Any...;;50001;;0;No;No;No;No;5000;5000;2500;Yes;0;0;cyclic;0;No;J1939PG
VW_2F_Test;0x18FEEA2F;J1939 PG (ext. ID);8;cyclic;100;ELC;- Only testing;J1939DA;17507;VW_2F - Vehicle Weight;0;No;No;No;No;100;100;50;Yes;0;0;cyclic;6;No;J1939PG
VW_40_Test;0x18FEEA40;J1939 PG (ext. ID);8;cyclic;100;ELC_R;- Only testing;J1939DA;17514;VW_40 - Vehicle Weight;0;No;No;No;No;100;100;50;Yes;0;0;cyclic;6;No;J1939PG
WFI;0x18FEFF00;J1939 PG (ext. ID);8;cyclic;1000;MD1_ECM;- Diesel vehicle only;J1939DA;1616;WFI - Water in Fuel Indicator;0;No;No;No;No;1000;1000;100;Yes;0;0;cyclic;67;No;J1939PG
XBR_A0_0B;0xC040BA0;J1939 PG (ext. ID);8;cyclic;200;MRGEN;- Faster Transmission Rate when active and at least once thereafter....;J1939 p2p;336;XBR_A0_0B - External Brake Request;0;No;No;No;No;200;20;10;Yes;4;0;cyclic;0;No;J1939PG
